text,category
i want the planting beds covered to help retain moisture. i need help getting this sorted.,Gardening
looking for help with this. the shower head is blocked with limescale.,Plumbing
i need a service visit. the garden needs mulch around the plants.,Gardening
can someone help? the metal roof is rattling in the wind.,Roofing
i need another section of brick wall built along the property edge. i need help getting this sorted.,Masonry
"need help, the broken concrete drain cover needs replacing",Masonry
the dimmer makes the lights pulse,Electrical
looking for help with this. the skirting board has come away from the wall.,Carpentry
can someone help? the garden lights keep tripping their breaker.,Electrical
the shop shutter colour is scratched and faded,Painting
can someone help? the bathroom basin pipe has come loose.,Plumbing
can someone help? the metal door frame has a cracked corner.,Welding
the dryer runs without drying clothes,Appliance Repair
shutting the faucet causes a loud knock in the water line. can i book someone for this job?,Plumbing
the ac temperature sensor seems faulty,Air Conditioning Repair
anyone available? the wall switch will not turn the light off,Electrical
ice is forming on the ac pipes,Air Conditioning Repair
can you help with this problem? the washing machine detergent drawer leaks.,Appliance Repair
can someone help? the steel gate needs welding.,Welding
the indoor air conditioner turns on but no air comes out. could someone visit and check it?,Air Conditioning Repair
the ac cooling is weaker than before,Air Conditioning Repair
"pls help, the bathroom light gives a buzzing sound",Electrical
only a few holes in the shower spray are working. please let me know if you can help.,Plumbing
the aircon stops cooling before the room reaches the set temperature,Air Conditioning Repair
the electrical distribution board smells like burnt plastic. i would like someone to handle this.,Electrical
i want planting beds prepared for growing vegetables,Gardening
who can sort this out? the rice cooker stops before the rice is cooked.,Appliance Repair
rain enters around the ventilation outlet through the roof,Roofing
can someone help? the tile roof has moss blocking the drainage channels.,Roofing
who can sort this out? the brickwork around the window is damaged.,Masonry
the steel bracket supporting the cart axle has snapped,Welding
the garden soil is too hard for planting,Gardening
the aircon leaks onto the wall below it,Air Conditioning Repair
who can sort this out? the roof ridge cap has cracked.,Roofing
chunks of wall plaster are coming away,Masonry
looking for help with this. the old dark wall colour shows through the new paint.,Painting
"need someone, the flat roof membrane has torn",Roofing
the solid timber counter is no longer flat. who can help me with this?,Carpentry
the tile roof has moss blocking the drainage channels,Roofing
dust has built up on the aircon fan drum. i would like someone to handle this.,Air Conditioning Repair
"need someone, the extension wiring in the shed is damaged",Electrical
can you help with this problem? the ceiling has smoke stains.,Painting
i need the replacement light fixture wired into the ceiling point,Electrical
"hi, the roof valley leaks in heavy rain",Roofing
dirty water will not go down my kitchen drain. please let me know if you can help.,Plumbing
the safety switch cuts the power repeatedly. please tell me when someone is available.,Electrical
"pls help, the ac drain pipe is blocked",Air Conditioning Repair
the metal shutter needs repainting,Painting
the ac blows cold air only on one side,Air Conditioning Repair
could you arrange a repair? the concrete doorstep is broken.,Masonry
can you help with this problem? the balcony ceiling paint is flaking.,Painting
the electric oven heats unevenly,Appliance Repair
the bottom of my timber door drags whenever i open it,Carpentry
the dining chair has a loose wooden leg,Carpentry
the ceiling colour is uneven and needs another coat. can someone take a look?,Painting
the washing machine fills continuously,Appliance Repair
my tomato plants are falling over and need tying up,Gardening
anyone available? the garden bed is overcrowded,Gardening
my water meter connection is leaking,Plumbing
"pls help, the light circuit has a loose neutral connection",Electrical
the kettle will not switch on,Appliance Repair
the metal door frame has a cracked corner,Welding
the roof gutter end cap has fallen off,Roofing
please send someone to look at this. the roof gutter is blocked with leaves.,Roofing
there is a high pitched sound from the aircon while cooling. can i book someone for this job?,Air Conditioning Repair
looking for help with this. the wall has dried paint drips.,Painting
can you help with this problem? the ac copper connection is leaking.,Air Conditioning Repair
the electric oven temperature control is faulty,Appliance Repair
the wooden trunk lid has detached from its hinge points. could someone visit and check it?,Carpentry
the wooden drawer fronts are sitting crooked,Carpentry
looking for help with this. the air conditioner circuit board has failed.,Air Conditioning Repair
the roof vent seal is damaged,Roofing
the bathroom floor needs a slope toward the drain,Masonry
the metal shelving frame needs another support bar welded across it,Welding
"hi there, the skirting board has come away from the wall",Carpentry
"can u help, the front door piant is chipped",Painting
"can u help, the bathroom tile grout is missing",Masonry
anyone available? the electrical meter box cover is broken,Electrical
the channels cut into the brick wall need filling and plastering. can i book someone for this job?,Masonry
a damp smell comes out of the aircon vents,Air Conditioning Repair
looking for help with this. the balcony tile grout has cracked.,Masonry
please send someone to look at this. the small retaining wall needs rebuilding.,Masonry
please send someone to look at this. the air conditioner turns off after a few minutes.,Air Conditioning Repair
"hi, the blender motor runs but the blades do not turn",Appliance Repair
the air conditioner flap will not move up and down. i would like someone to handle this.,Air Conditioning Repair
the gate lock box has detached,Welding
i want the cabinets painted to match the kitchen. can someone take a look?,Painting
the timber divider between our rooms is wobbling. could someone visit and check it?,Carpentry
the roof leaks only when wind drives rain sideways,Roofing
"need someone, the kitchen cabinet hinge has pulled out of the wood",Carpentry
i need a service visit. the air conditioner has a failed capacitor.,Air Conditioning Repair
the metal bench leg is broken,Welding
water escapes from the small overflow connection under the basin,Plumbing
air from one part of the indoor unit is much warmer,Air Conditioning Repair
the cupboard door is hanging because its hinge screws tore out,Carpentry
"pls help, the washing machine shakes violently",Appliance Repair
the metal ladder has a broken rung,Welding
our timber garden gate hangs low and catches the ground,Carpentry
the hanging baskets need refreshing,Gardening
the backyard needs a small concrete slab,Masonry
the skylight leaks around its frame,Roofing
the coating above the balcony is peeling away,Painting
the garden wall has missing mortar,Masonry
the metal railing has surface rust and needs repainting,Painting
can you help with this problem? the ac louvre is stuck.,Air Conditioning Repair
could you arrange a repair? the wooden stair tread is loose.,Carpentry
my wooden table rocks because one timber leg is shorter,Carpentry
the insulation has peeled off the power cable beside the door. i would like someone to handle this.,Electrical
the masonry beside the window opening is broken. can i book someone for this job?,Masonry
looking for help with this. the lawn has thick thatch.,Gardening
the hedge needs shaping evenly,Gardening
the steel housing around the gate lock needs welding back in place. please let me know if you can help.,Welding
the aircon takes much longer to cool the room,Air Conditioning Repair
the wall mounted wooden shelf has split,Carpentry
water spills out of the soap compartment on the washer. i would like someone to handle this.,Appliance Repair
the metal frame under the barbecue needs welding. could someone visit and check it?,Welding
who can sort this out? the metal railing has surface rust and needs repainting.,Painting
the rain channel along the eaves needs clearing,Roofing
the metal frame under the barbecue needs welding,Welding
the balcony tile grout has cracked,Masonry
please send someone to look at this. the newly plastered room needs its first paint coat.,Painting
the wooden surround of the loft opening has split. can someone take a look?,Carpentry
can you help with this problem? the sandwich maker heats on only one plate.,Appliance Repair
can you help with this problem? the soil in my pots drains poorly.,Gardening
"hi there, the kitchen sink is blocked",Plumbing
a cement stair edge has broken away,Masonry
can someone help? the ceiling fan wall regulator is broken.,Electrical
"can u help, the air conditioner turns off after a few minutes",Air Conditioning Repair
the switch supplying the heater has melted around its terminals. can i book someone for this job?,Electrical
can you help with this problem? the old roofing sheets need replacement.,Roofing
the ac keeps running after the set temperature is reached,Air Conditioning Repair
the staircase timber railing moves when held,Carpentry
the protective layer on the concrete roof needs renewing,Roofing
"need help, the doorbell wiring has come apart",Electrical
i need a service visit. the microwave buttons do not respond.,Appliance Repair
the air conditioner handset has stopped showing anything,Air Conditioning Repair
the steel piece holding the gate catch needs welding. could someone visit and check it?,Welding
"pls help, the wooden stair tread is loose",Carpentry
looking for help with this. the old roof underlay is torn.,Roofing
the ac outdoor unit is not running,Air Conditioning Repair
the ac will not respond to the remote,Air Conditioning Repair
the handle needs rejoining to the steel trolley frame. please tell me when someone is available.,Welding
the potted plants need repotting,Gardening
the thin wooden surface on the table is peeling away. please tell me when someone is available.,Carpentry
can someone help? the bedroom wall paint is peeling.,Painting
i need a service visit. the small fruit tree needs shaping.,Gardening
the cooling unit keeps stopping shortly after starting. who can help me with this?,Air Conditioning Repair
the cooker changes to warm while the rice is still hard. can i book someone for this job?,Appliance Repair
"can u help, the brick partition neads a small opening closed",Masonry
anyone available? the stone facing has detached from the wall,Masonry
the office walls need a neutral colour,Painting
the joints in the balcony flooring need regrouting,Masonry
i need someone to check this: the garden needs clearing after months of neglect.,Gardening
the metal stopper needs welding back onto the gate frame,Welding
i want help feeding the lawn and garden beds appropriately,Gardening
i need someone to check this: my outdoor tap has snapped off.,Plumbing
"hello, the sliding wardrobe door has come off its track",Carpentry
can someone help? the cupboard doors need a colour change.,Painting
"need someone, the steel rack needs a reinforcing brace",Welding
"hi, the kitchen backsplash tiles are brokn",Masonry
i want the indoor and outdoor ac units cleaned and checked. who can help me with this?,Air Conditioning Repair
the exposed cement blocks need a plaster finish. who can help me with this?,Masonry
anyone available? the ac fan is not blowing air,Air Conditioning Repair
the metal storage rack needs its joints welded again. please let me know if you can help.,Welding
can you help with this problem? the electric oven heats unevenly.,Appliance Repair
the solid timber counter is no longer flat,Carpentry
the iron railing has rusted through at one joint,Welding
there are splits across the cement walkway. i need help getting this sorted.,Masonry
there are unpainted edges beside the ceiling,Painting
"pls help, the cement ramp is crumbling",Masonry
i can hear electrical crackling from the distribution panel,Electrical
the thin wooden panel at the back of the cupboard has fallen out,Carpentry
the joints between the bathroom tiles need filling again. who can help me with this?,Masonry
water drips around the drain fitting underneath the sink,Plumbing
the brick pillar has crumbled at the base,Masonry
the timber door frame has cracked,Carpentry
the fluorescent fitting only lights at one end,Electrical
"need help, the gate wheel mounting plate has cracked",Welding
"can u help, the roof flashing around the chimney is leeking",Roofing
looking for help with this. the air conditioner shows an error code.,Air Conditioning Repair
the shower drain empties very slowly,Plumbing
i need someone to care for my plants during my trip. who can help me with this?,Gardening
the condenser shakes loudly whenever it starts. please tell me when someone is available.,Air Conditioning Repair
"pls help, the metal trolley handle has come off",Welding
the coating on our boundary fence is flaking,Painting
the washing machine door will not unlock,Appliance Repair
the wooden cot side rail is cracked,Carpentry
the wood veneer on my desk is lifting,Carpentry
"hi there, the steel shelf frame has come apart",Welding
wastewater is backing up from the inspection chamber. i would like someone to handle this.,Plumbing
the steel holder for our bin has snapped,Welding
the air conditioner blows warm air instead of cold. can someone take a look?,Air Conditioning Repair
the attic hatch timber frame is broken,Carpentry
rainwater pools on the roof instead of running off,Roofing
"need help, the metal shutter needs repainting",Painting
the bottom of the masonry column is breaking apart. could someone visit and check it?,Masonry
the house exterior needs weatherproof paint,Painting
the timber ledge below the window is decayed. please let me know if you can help.,Carpentry
"hi, the washing machine supply tap is leeking",Plumbing
anyone available? the paving slabs have sunk,Masonry
who can sort this out? the metal roof access ladder bracket has cracked.,Welding
the gate wheel mounting plate has cracked,Welding
a thin split in the plaster finish needs repair. i need help getting this sorted.,Masonry
please send someone to look at this. the metal bench leg is broken.,Welding
water sprays out of a split in the flexible shower tube. please tell me when someone is available.,Plumbing
i need a service visit. the socket cover is cracked.,Electrical
i want the garage floor coated with a suitable finish,Painting
"hi there, the dishwasher leaves plates dirty",Appliance Repair
"pls help, the concrete doorstep is broken",Masonry
the marked patches on the wall need touching up,Painting
the marked patches on the wall need touching up. can i book someone for this job?,Painting
can you help with this problem? there is a burning smell from the fuse box.,Electrical
"need help, the garage roof leaks at the sheet overlap",Roofing
the painted walls along the stairs are covered in scrape marks,Painting
the rain channel along the eaves needs clearing. who can help me with this?,Roofing
the power outlet is loose in the wall,Electrical
the decorative wall texture needs repainting,Painting
the tank float valve is stuck,Plumbing
"need help, the tiled skirting has come off",Masonry
the kettle keeps heating once the water has boiled. please let me know if you can help.,Appliance Repair
water stays on the bathroom floor instead of draining away. i need help getting this sorted.,Plumbing
can someone help? the ceiling finish is patchy.,Painting
please send someone to look at this. the wooden kitchen worktop has warped.,Carpentry
the bathroom floor tiles need replacement,Masonry
the rose bush needs pruning,Gardening
can someone help? the hanging baskets need refreshing.,Gardening
the food processor lid switch is faulty,Appliance Repair
liquid comes out underneath the mixer jug. please tell me when someone is available.,Appliance Repair
please send someone to look at this. the carport roof has a damaged translucent sheet.,Roofing
the fridge makes a loud knocking noise,Appliance Repair
the storage chest lid has broken hinges,Carpentry
please send someone to look at this. the wooden bed frame creaks and moves.,Carpentry
"hello, the stone boundary wall needs repointing",Masonry
could you arrange a repair? the bathroom light gives a buzzing sound.,Electrical
"hi there, the cupboard needs a new internal shelf",Carpentry
the wooden bed frame creaks and moves,Carpentry
"hello, the electric oven heats unevenly",Appliance Repair
the bedroom wall paint is peeling,Painting
the ac indoor casing is loose and noisy,Air Conditioning Repair
water sprays out of a split in the flexible shower tube,Plumbing
i want the workspace repainted in a plain light shade. can someone take a look?,Painting
who can sort this out? the tiled skirting has come off.,Masonry
"need someone, the toaster only heats one side",Appliance Repair
the wall has dried paint drips,Painting
i need a service visit. the wall has roller marks from the last paint job.,Painting
the shop shutter colour is scratched and faded. can i book someone for this job?,Painting
water comes through the joint between two roofing panels,Roofing
i want a protective painted finish on the outside walls. who can help me with this?,Painting
could you arrange a repair? the ceiling paint is stained after an old leak was fixed.,Painting
the steel swing support has split at a weld. please let me know if you can help.,Welding
i need someone to check this: the living room needs repainting.,Painting
"hi, the concrete drain channel is cracked",Masonry
water collects around my feet when i take a shower,Plumbing
my food stays cold even though the microwave timer counts down,Appliance Repair
the cement ledge below the window is chipped badly,Masonry
"need help, the ac makes a whistling noise",Air Conditioning Repair
i need someone to check this: the paving slabs have sunk.,Masonry
my wooden cupboard door is broken,Carpentry
the timber frame underneath our couch has cracked. can i book someone for this job?,Carpentry
i need an additional wall outlet installed near my desk,Electrical
the paint film has blistered on the bedroom wall,Painting
looking for help with this. the kitchen mixer tap is loose.,Plumbing
i want planting beds prepared for growing vegetables. can someone take a look?,Gardening
the outside condenser stays off when cooling is selected,Air Conditioning Repair
"need someone, the skirting boards need gloss paint",Painting
"hi, the backyard neads a vegetable garden started",Gardening
the condenser fan blades stay still while the unit hums,Air Conditioning Repair
the metal handcart axle bracket is broken,Welding
the kitchen wall paint is greasy and discoloured,Painting
i need a matching metal fence panel made and joined,Welding
the garden faucet broke where it joins the water pipe,Plumbing
heat escapes around the damaged gasket on my oven. please tell me when someone is available.,Appliance Repair
the steel workbench support has snapped,Welding
who can sort this out? the hedge has grown too tall.,Gardening
my timber window sash gets stuck before it shuts. i need help getting this sorted.,Carpentry
looking for help with this. the cupboard handle screws no longer grip the wood.,Carpentry
the bushes along the boundary have an uneven outline,Gardening
can you help with this problem? the toilet is overflowing when flushed.,Plumbing
the steel bed frame has a broken joint,Welding
there are areas in the grass where nothing grows. i would like someone to handle this.,Gardening
can someone help? rainwater comes through the roof above the bedroom.,Roofing
the wardrobe shelf has collapsed,Carpentry
the tumble dryer turns but the laundry remains damp. please let me know if you can help.,Appliance Repair
the newly plastered room needs its first paint coat,Painting
"can u help, the new block wall neads rendering",Masonry
the equipment support frame has split along a weld,Welding
"pls help, the vegetable plants need support stakes",Gardening
looking for help with this. half the house has no electricity.,Electrical
the garden needs preparation before planting seeds,Gardening
water is bubbling up over the buried mains pipe,Plumbing
the air conditioner evaporator coil is very dirty,Air Conditioning Repair
could you arrange a repair? the dining chair has a loose wooden leg.,Carpentry
the dishes come out with food still stuck on them. please let me know if you can help.,Appliance Repair
the roots have outgrown the containers on my balcony,Gardening
the rain channel needs realigning to drain properly,Roofing
a corner of our metal security cage has come apart. can i book someone for this job?,Welding
the boundary bushes need reducing to a manageable height. can i book someone for this job?,Gardening
"need someone, the kettle will not switch on",Appliance Repair
i cannot control the stair light from both switches,Electrical
i cannot enter a cooking time on the microwave keypad,Appliance Repair
the safety breaker does nothing when its test button is pressed. please let me know if you can help.,Electrical
can someone help? the front wooden door has swollen shut.,Carpentry
"can u help, the gardn soil is too hard for planting",Gardening
the plants need fertiliser applied,Gardening
the cement plaster is falling off,Masonry
the dishwasher leaves plates dirty,Appliance Repair
the dishes come out with food still stuck on them,Appliance Repair
anyone available? the feature wall needs a different shade,Painting
the patched outside wall needs its colour restored. who can help me with this?,Painting
the steel railing is loose where two pieces were joined,Welding
my ceiling lights flicker when i lower the dimmer,Electrical
the metal shutter guide bracket has broken,Welding
please send someone to look at this. the ac cooling is weaker than before.,Air Conditioning Repair
looking for help with this. the gate lock box has detached.,Welding
the kitchen mixer tap is loose,Plumbing
"can u help, the woodn kitchen worktop has warped",Carpentry
i need someone to check this: the air conditioner keeps switching between hot and cold.,Air Conditioning Repair
"need someone, the hallway light switch gives a small shock",Electrical
the oven gets far hotter than the selected setting. please tell me when someone is available.,Appliance Repair
who can sort this out? the tank float valve is stuck.,Plumbing
the timber frame underneath our couch has cracked,Carpentry
please send someone to look at this. the earth wire at the distribution board is disconnected.,Electrical
"hi, the flexible hose under the basin has burst",Plumbing
the seasonal plants in my flower bed have finished and need renewing,Gardening
please send someone to look at this. the house exterior needs weatherproof paint.,Painting
a corroded section of the metal railing needs replacing and welding,Welding
can you help with this problem? the motion sensor outside never switches the light off.,Electrical
who can sort this out? the decorative wall texture needs repainting.,Painting
please send someone to look at this. the washing machine fills continuously.,Appliance Repair
"hi there, the metal shutter guide bracket has broken",Welding
rainwater spills over the edge of the roof gutter. please let me know if you can help.,Roofing
"hi, the cupboard doors need a colour change",Painting
"need help, the ceiling junction box has loose wires",Electrical
the concrete floor needs floor paint,Painting
the ac keeps forgetting its temperature setting. can someone take a look?,Air Conditioning Repair
please send someone to look at this. the microwave runs but does not heat.,Appliance Repair
the toilet seat slides sideways whenever someone sits down. i would like someone to handle this.,Plumbing
could you arrange a repair? there is a leak at a water pipe joint.,Plumbing
the electric iron does not heat,Appliance Repair
"hello, the ac louvre is stuck",Air Conditioning Repair
"hi, the gardn lights keep tripping their breaker",Electrical
"need someone, the wall plaster has a long hairline crack",Masonry
the oven gets far hotter than the selected setting,Appliance Repair
the air conditioner needs routine servicing,Air Conditioning Repair
the wall has pencil marks that will not wash off,Painting
looking for help with this. the toilet cistern has a crack.,Plumbing
"need help, the garden has a pile of fallen leaves",Gardening
the aircon flap does not sweep because its small motor has failed,Air Conditioning Repair
anyone available? the iron fence has a snapped bar,Welding
the kettle keeps heating once the water has boiled,Appliance Repair
"need help, the dry leaves on the ornamental plants need removing",Gardening
can you help with this problem? there are exposed electrical wires near the doorway.,Electrical
the kitchen outlet has stopped working,Electrical
the painted doorway trim needs refreshing,Painting
the cupboard door is hanging because its hinge screws tore out. i need help getting this sorted.,Carpentry
who can sort this out? the steel storage cage has a damaged joint.,Welding
the timber shelf board has cracked near its support,Carpentry
a joint on my metal gate has broken apart,Welding
the ceiling finish is patchy,Painting
"need someone, the ac keeps running after the set temperature is reached",Air Conditioning Repair
"need someone, the flush handle is broken",Plumbing
the yard is overgrown with weeds and tangled plants. could someone visit and check it?,Gardening
the paint film has blistered on the bedroom wall. please tell me when someone is available.,Painting
can you help with this problem? there are not enough power sockets in my study.,Electrical
i need someone to check this: the two way staircase switches do not work correctly.,Electrical
i see sparks coming out of the power outlet. can someone take a look?,Electrical
several wooden supports under the mattress are broken. could someone visit and check it?,Carpentry
a steel step has detached from the ladder side. i need help getting this sorted.,Welding
the wooden partition panel has come loose,Carpentry
looking for help with this. the ac pipe insulation has split.,Air Conditioning Repair
only a few holes in the shower spray are working,Plumbing
please send someone to look at this. the gate stop has broken off.,Welding
"hi there, the gutter is overflowing during rain",Roofing
the ac indoor unit is not level and leaks from one corner,Air Conditioning Repair
can you help with this problem? the electric iron does not heat.,Appliance Repair
the low branches need pruning away from the parking space. can someone take a look?,Gardening
please send someone to look at this. the front door paint is chipped.,Painting
the braided water connector below the sink has split,Plumbing
the socket moves when i insert a plug. i would like someone to handle this.,Electrical
liquid comes out underneath the mixer jug,Appliance Repair
the air conditioner needs its dirty filters cleaned. can i book someone for this job?,Air Conditioning Repair
all the taps have only a weak trickle of water,Plumbing
the fixed electrical cables throughout the house are worn out,Electrical
the steam iron drips through its soleplate. can i book someone for this job?,Appliance Repair
"can u help, the earth wire at the distribution board is disconnected",Electrical
i need someone to check this: several roof tiles are broken.,Roofing
the young plants need thinning and moving into separate pots. who can help me with this?,Gardening
i want new grass laid where the old lawn died. please let me know if you can help.,Gardening
the lamp holder has partly come away from the ceiling. can someone take a look?,Electrical
the timber around my window is crumbling,Carpentry
"need help, the ac indoor unit is not level and leaks from one corner",Air Conditioning Repair
the cabinet drawers do not line up,Carpentry
"hi there, the balcony tile grout has cracked",Masonry
the fridge compressor keeps starting and stopping,Appliance Repair
could you arrange a repair? the ac drain pipe is blocked.,Air Conditioning Repair
the two way staircase switches do not work correctly,Electrical
"hi, the steel gate neads welding",Welding
the condenser fan blades stay still while the unit hums. can i book someone for this job?,Air Conditioning Repair
the young plants need thinning and moving into separate pots,Gardening
the clothes drying stand has a broken metal joint,Welding
the ac outdoor unit vibrates heavily,Air Conditioning Repair
the sink trap smells like sewage,Plumbing
"hello, the iron fence post has separated from its baseplate",Welding
the plastic cover on the aircon rattles against the unit. could someone visit and check it?,Air Conditioning Repair
anyone available? the freezer is making too much ice,Appliance Repair
water escapes from the bottom of my kettle. i need help getting this sorted.,Appliance Repair
the steel tube under my chair has split at a joint,Welding
"hi there, the dryer runs without drying clothes",Appliance Repair
"can u help, the ac swing motor is brokn",Air Conditioning Repair
i need someone to check this: the wooden window frames need painting.,Painting
the refrigerator clicks repeatedly and does not stay running. can i book someone for this job?,Appliance Repair
i need someone to check this: the storage chest lid has broken hinges.,Carpentry
the rice cooker stops before the rice is cooked,Appliance Repair
the front wooden door has swollen shut,Carpentry
the whole faucet moves around on the sink,Plumbing
the outside wall colour has faded,Painting
the washbasin empties even with the stopper pushed down,Plumbing
the planting bed needs loosening and soil improvement. who can help me with this?,Gardening
water gets in where the two roof slopes meet,Roofing
the steel doorway frame has separated at one joint. can someone take a look?,Welding
can you help with this problem? the sewer pipe is blocked outside.,Plumbing
the lawn has thick thatch,Gardening
"need help, the metal railing has surface rust and needs repainting",Painting
"hi there, the outside wall colour has faded",Painting
rain comes through the edges of the roof window,Roofing
can you help with this problem? the lawn has bare patches.,Gardening
the cement lip of the veranda needs patching,Masonry
anyone available? the wooden partition panel has come loose,Carpentry
the aircon ignores the handset even with new batteries. please let me know if you can help.,Air Conditioning Repair
"hi there, the roof leaks only when wind drives rain sideways",Roofing
only the bottom side of my sandwich press gets hot,Appliance Repair
the cement cover over the channel has cracked in half,Masonry
anyone available? the grill stand has a loose steel leg,Welding
anyone available? the bathroom tap will not stop dripping,Plumbing
the aircon leaks onto the wall below it. could someone visit and check it?,Air Conditioning Repair
the lawn needs fresh turf in a damaged area,Gardening
the metal handrail has a split at its corner joint,Welding
the blender jar leaks at the blade seal,Appliance Repair
can you help with this problem? the porch roof leaks where it meets the house.,Roofing
"hello, the soil in my pots drains poorly",Gardening
the bulb holder is scorched,Electrical
i need a service visit. the clothes drying stand has a broken metal joint.,Welding
please send someone to look at this. the bulb holder is scorched.,Electrical
"hi, the entrance paving has loos blocks",Masonry
the kitchen sink waste fitting is leaking,Plumbing
could you arrange a repair? the washing machine will not spin.,Appliance Repair
the cement ledge below the window is chipped badly. i need help getting this sorted.,Masonry
the refrigerator stays dark when i open the door,Appliance Repair
there are areas in the grass where nothing grows,Gardening
could you arrange a repair? the chimney flashing needs resealing.,Roofing
"need help, the wall mounted wooden shelf has split",Carpentry
looking for help with this. the dishwasher leaves plates dirty.,Appliance Repair
looking for help with this. the metal shutter guide bracket has broken.,Welding
"can u help, the ac condenser fins are clogged",Air Conditioning Repair
the wall needs plastering after electrical work,Masonry
my wooden table rocks because one timber leg is shorter. who can help me with this?,Carpentry
a cement stair edge has broken away. please tell me when someone is available.,Masonry
could you arrange a repair? the blender jar leaks at the blade seal.,Appliance Repair
the roof joint beside the chimney is no longer watertight. please tell me when someone is available.,Roofing
could you arrange a repair? the washing machine shakes violently.,Appliance Repair
the fridge is not cooling,Appliance Repair
the metal trim along the roof perimeter is missing. i need help getting this sorted.,Roofing
weeds are taking over the flower bed,Gardening
i need someone to care for my plants during my trip,Gardening
the main water valve will not close,Plumbing
the concrete path has cracked,Masonry
who can sort this out? the ceiling junction box has loose wires.,Electrical
"hi, the air conditioner restarts with the wrong settings",Air Conditioning Repair
please send someone to look at this. the air conditioner needs routine servicing.,Air Conditioning Repair
my vacuum runs but barely picks up dust,Appliance Repair
the room needs proper coverage over its previous colour. please let me know if you can help.,Painting
the cement between the bricks has washed out. i would like someone to handle this.,Masonry
the timber divider between our rooms is wobbling,Carpentry
i want the bathroom walls repainted with a suitable finish. i need help getting this sorted.,Painting
the kitchen processor will not detect that its lid is closed,Appliance Repair
please send someone to look at this. the fridge interior light is not working.,Appliance Repair
the microwave runs but does not heat,Appliance Repair
a corroded section of the metal railing needs replacing and welding. who can help me with this?,Welding
the wired doorbell stopped after its cable came loose. can i book someone for this job?,Electrical
the metal roof is rattling in the wind,Roofing
i need a service visit. the timer switch for the outdoor lights is stuck.,Electrical
the entrance paving has loose blocks,Masonry
"can u help, the bathroom floor neads a slope toward the drain",Masonry
the iron gate frame is bent and split,Welding
a steel rod has detached from our drying rack,Welding
who can sort this out? the fridge compressor keeps starting and stopping.,Appliance Repair
"hi there, the lawn has thick thatch",Gardening
the steel plate holding the sliding gate wheel is broken,Welding
i cannot flush because the toilet lever has snapped. i need help getting this sorted.,Plumbing
the painted walls along the stairs are covered in scrape marks. i would like someone to handle this.,Painting
my ceiling lights flicker when i lower the dimmer. please tell me when someone is available.,Electrical
the fixed electrical cables throughout the house are worn out. i need help getting this sorted.,Electrical
the roof eaves cover is loose,Roofing
the tiles behind the counter need replacing,Masonry
"need help, the roof ridge cap has cracked",Roofing
i need someone to check this: the stone facing has detached from the wall.,Masonry
"can u help, the roof sheet around the water pipe is leeking",Roofing
the roof access hatch seal leaks,Roofing
"hello, the power outlet is loose in the wall",Electrical
the board supporting the roof gutter needs replacement. please tell me when someone is available.,Roofing
the cupboard base has rotted after a leak,Carpentry
"can u help, the microwave runs but does not heat",Appliance Repair
"hello, there is a burning smell from the fuse box",Electrical
i want regular help with mowing and looking after the plants. can i book someone for this job?,Gardening
can someone help? the toaster lever will not stay down.,Appliance Repair
turning on that light immediately cuts off its circuit. please let me know if you can help.,Electrical
"can u help, the ac coolng is weaker than before",Air Conditioning Repair
the cupboard doors need a colour change,Painting
the garden plants need tidying and dead foliage cut away. can i book someone for this job?,Gardening
the stone facing has detached from the wall,Masonry
"can u help, the plywood backing on my wardrobe is brokn",Carpentry
i need tiles laid over the front concrete staircase. please let me know if you can help.,Masonry
i need the unwanted growth removed around the vegetables. could someone visit and check it?,Gardening
i need tiles laid over the front concrete staircase,Masonry
"hi there, the toilet cistern has a crack",Plumbing
food stays warm inside my refrigerator,Appliance Repair
the security light stays on because its sensor is faulty,Electrical
the metal handrail has a split at its corner joint. can someone take a look?,Welding
the motion sensor outside never switches the light off,Electrical
the cement channel carrying surface water needs patching. can someone take a look?,Masonry
water remains inside the washer drum after the cycle,Appliance Repair
there are splits across the cement walkway,Masonry
please send someone to look at this. the garden needs preparation before planting seeds.,Gardening
the air conditioner turns off after a few minutes,Air Conditioning Repair
several rooms have lost power while the others still work,Electrical
the balcony rail needs rust preparation and protective paint. can i book someone for this job?,Painting
the garden paths are covered with weeds,Gardening
the children's drawings need covering with fresh paint,Painting
i need someone to check this: the sink trap smells like sewage.,Plumbing
"hi, the bathroom basin pipe has come loos",Plumbing
the lamp socket has black burn marks around it. who can help me with this?,Electrical
who can sort this out? the ac indoor unit is not level and leaks from one corner.,Air Conditioning Repair
"can u help, the gate stop has brokn off",Welding
the washer keeps taking in water without starting the wash,Appliance Repair
"need someone, the cabinet drawers do not line up",Carpentry
anyone available? my outdoor tap has snapped off,Plumbing
anyone available? the patched wall does not match the surrounding colour,Painting
the steel support under the wheelbarrow tray has snapped. could someone visit and check it?,Welding
i need someone to check this: the electrical meter box cover is broken.,Electrical
the rotating brush on my vacuum will not move,Appliance Repair
can someone help? the brick boundary wall has a crack.,Masonry
the roof drainage pipe has come away at the top,Roofing
"hi there, the ac will not respond to the remote",Air Conditioning Repair
the ceiling light fitting is hanging loose,Electrical
my washbasin faucet leaks even when i close it tightly,Plumbing
the wooden handrail is loose,Carpentry
"need help, the brickwork around the window is damaged",Masonry
switching on the pathway lighting cuts that circuit. can someone take a look?,Electrical
a metal leg has separated from the table frame,Welding
i need someone to check this: the microwave turntable is not rotating.,Appliance Repair
the safety breaker does nothing when its test button is pressed,Electrical
the wooden floorboard is loose,Carpentry
the metal cage frame needs broken bars welded back,Welding
the roots have outgrown the containers on my balcony. i need help getting this sorted.,Gardening
the kitchen cabinet hinge has pulled out of the wood,Carpentry
can someone help? the flat roof holds standing water.,Roofing
the concrete boundary post needs patching. i need help getting this sorted.,Masonry
the washbasin empties even with the stopper pushed down. could someone visit and check it?,Plumbing
who can sort this out? the sink overflow pipe is leaking.,Plumbing
"pls help, the tile adhesive has failed on the wall",Masonry
the children's drawings need covering with fresh paint. please let me know if you can help.,Painting
the cement lip of the veranda needs patching. could someone visit and check it?,Masonry
"need someone, the floor drain in the bathroom is clogged",Plumbing
the aircon mounting needs adjusting so condensate drains correctly. can i book someone for this job?,Air Conditioning Repair
"pls help, the roof sheet has lifted in the wind",Roofing
anyone available? the skylight leaks around its frame,Roofing
can someone help? the washing machine supply tap is leaking.,Plumbing
i need a service visit. the low boundary wall needs extending.,Masonry
the timber boards on our bench have split. please tell me when someone is available.,Carpentry
i need someone to check this: the refrigerator door seal is damaged.,Appliance Repair
i want the indoor and outdoor ac units cleaned and checked,Air Conditioning Repair
who can sort this out? the wooden window frame is rotten.,Carpentry
the masonry stand beneath the outdoor grill needs rebuilding. i would like someone to handle this.,Masonry
the tube light struggles to start and glows at the edge,Electrical
"pls help, the ceiling paint is stained after an old leak was fixed",Painting
please send someone to look at this. the boundary wall needs repainting after repairs.,Painting
could you arrange a repair? the ac outdoor unit vibrates heavily.,Air Conditioning Repair
the chalky coating needs preparing and repainting. please tell me when someone is available.,Painting
the tumble dryer hums but the clothes stay in one place,Appliance Repair
who can sort this out? the garden has a pile of fallen leaves.,Gardening
the wooden bedroom door scrapes the floor,Carpentry
a timber board in the floor lifts when stepped on,Carpentry
"need someone, the ac drain pump has stopped working",Air Conditioning Repair
the painted finish on the entrance door is flaking,Painting
anyone available? the dishwasher does not drain,Appliance Repair
the aircon does not cycle off when the room is cold enough. i need help getting this sorted.,Air Conditioning Repair
"hello, the brick barbecue base has cracked",Masonry
could you arrange a repair? the roof sheet has lifted in the wind.,Roofing
please send someone to look at this. the iron railing has rusted through at one joint.,Welding
a fault number is flashing on the ac display. please let me know if you can help.,Air Conditioning Repair
i need the replacement light fixture wired into the ceiling point. who can help me with this?,Electrical
the chimney flashing needs resealing,Roofing
anyone available? the hedge is blocking the walkway,Gardening
the brick barbecue base has cracked,Masonry
looking for help with this. the garden swing frame has a crack.,Welding
i need an additional wall outlet installed near my desk. i would like someone to handle this.,Electrical
the clothes iron stays cold after being plugged in. i would like someone to handle this.,Appliance Repair
i need someone to check this: the bathroom tap will not stop dripping.,Plumbing
i can hear electrical crackling from the distribution panel. please tell me when someone is available.,Electrical
who can sort this out? the paint around the light switches is dirty.,Painting
"hi, the ac temperature sensor seems faulty",Air Conditioning Repair
the roof needs damaged shingles replaced,Roofing
"need someone, the potted plants need repotting",Gardening
"hi, the iron staircase railing has cracked",Welding
i need the dead wood removed from the bushes. who can help me with this?,Gardening
the table legs are uneven,Carpentry
can you help with this problem? the staircase walls are scuffed.,Painting
the catch will not hold because the timber around it is broken. i need help getting this sorted.,Carpentry
"hi, the metel roof is rattling in the wind",Roofing
i need a service visit. the electric kettle leaks from its base.,Appliance Repair
the concrete doorstep is broken,Masonry
water keeps spilling out of the storage tank,Plumbing
the metal storage rack needs its joints welded again,Welding
the timber door will not clear the raised floor surface,Carpentry
can you help with this problem? the drawer runners in my wooden desk are jammed.,Carpentry
the balcony railing weld has broken,Welding
dead grass has built up at soil level and needs clearing,Gardening
"hi, the ac is running but not coolng",Air Conditioning Repair
could you arrange a repair? the ornamental grass needs cutting back.,Gardening
"pls help, the ac outdoor unit vibrates heavily",Air Conditioning Repair
the garden faucet broke where it joins the water pipe. could someone visit and check it?,Plumbing
i need a service visit. the wall plaster has a long hairline crack.,Masonry
thick frost keeps building up in the freezer compartment. could someone visit and check it?,Appliance Repair
"pls help, the door frame paint has yellowed",Painting
anyone available? the microwave turntable is not rotating,Appliance Repair
my room light flashes on and off even with a new bulb,Electrical
"hi there, the lawn needs fresh turf in a damaged area",Gardening
water spills out of the soap compartment on the washer,Appliance Repair
can someone help? the ceiling light fitting is hanging loose.,Electrical
the feature wall needs a different shade,Painting
"hi there, the wall has dried paint drips",Painting
please send someone to look at this. the roof sheet around the water pipe is leaking.,Roofing
there are unpainted edges beside the ceiling. who can help me with this?,Painting
i cannot shut off the water supply using the stopcock. who can help me with this?,Plumbing
looking for help with this. the dryer runs without drying clothes.,Appliance Repair
anyone available? the two way staircase switches do not work correctly,Electrical
could you arrange a repair? the corrugated roof sheet has rust holes.,Roofing
"hi, the fridge is not coolng",Appliance Repair
i need a service visit. the dead annual flowers need replacing.,Gardening
the rough masonry surface needs smoothing before new tiles,Masonry
"need someone, the roof flashing at the wall has pulled away",Roofing
"need help, the water heater wall isolator is burnt",Electrical
i need a service visit. the bamboo clump is spreading too far.,Gardening
please send someone to look at this. the induction cooker shows an error with every pan.,Appliance Repair
can someone help? the climbing plant is covering the window.,Gardening
i need a service visit. the rental room needs repainting before new tenants arrive.,Painting
"need someone, the small fruit tree needs shaping",Gardening
the vegetable patch is full of weeds,Gardening
anyone available? the refrigerator door seal is damaged,Appliance Repair
the bathroom tap handle spins without opening,Plumbing
the microwave buttons do not respond,Appliance Repair
the wall paint rubs off like powder,Painting
rain is getting in around the roofing fasteners. please let me know if you can help.,Roofing
"hi there, the wall has pencil marks that will not wash off",Painting
could you arrange a repair? the metal trolley handle has come off.,Welding
the steel housing around the gate lock needs welding back in place,Welding
i need someone to check this: the bedroom light keeps flickering.,Electrical
"pls help, the flowering shrubs need moving to another bed",Gardening
looking for help with this. the kitchen sink is blocked.,Plumbing
the plants need dividing and spacing further apart,Gardening
the wall behind removed tiles needs replastering,Masonry
"need help, the shed roof panels are cracked",Roofing
the heating surface beneath the rice pot needs repair,Appliance Repair
can someone help? the backyard needs a vegetable garden started.,Gardening
the timber shelves on the shoe stand need repairing,Carpentry
who can sort this out? the garden needs maintenance twice a month.,Gardening
i need a service visit. the wooden window will not close properly.,Carpentry
"hi, the office walls need a neutral colour",Painting
"can u help, the small retaining wall neads rebuilding",Masonry
the small fruit tree needs shaping,Gardening
the grass needs trimming neatly along the path,Gardening
"hi, the wooden handrail is loos",Carpentry
looking for help with this. the steel shelf frame has come apart.,Welding
the air conditioner circulates air but will not enter cooling mode. i would like someone to handle this.,Air Conditioning Repair
"can u help, the air conditioner neads routine servicing",Air Conditioning Repair
i need a service visit. the door latch recess in the wood is damaged.,Carpentry
the steel rack needs a reinforcing brace,Welding
i need an unused opening bricked up. who can help me with this?,Masonry
"hi there, the fuse blows whenever that circuit is switched on",Electrical
the ceiling fan wall regulator is broken,Electrical
the chalky coating needs preparing and repainting,Painting
the cement ramp is crumbling,Masonry
turning the faucet knob does not release any water. who can help me with this?,Plumbing
please send someone to look at this. the bathroom tap handle spins without opening.,Plumbing
"need someone, the metal ladder has a broken rung",Welding
several shingles have curled up and broken off. could someone visit and check it?,Roofing
the toilet cistern takes ages to refill,Plumbing
looking for help with this. the lawn needs fresh turf in a damaged area.,Gardening
the handle needs rejoining to the steel trolley frame,Welding
please send someone to look at this. the room corners were missed during painting.,Painting
the toilet hand shower drips when nobody is using it. can i book someone for this job?,Plumbing
the hinge needs welding back onto the iron gate,Welding
the cooling gas line has a confirmed leak that needs repair. please tell me when someone is available.,Air Conditioning Repair
the aircon condensate line is not letting water out. please tell me when someone is available.,Air Conditioning Repair
i need someone to check this: the feature wall needs a different shade.,Painting
the ac starting capacitor needs replacement after diagnosis,Air Conditioning Repair
a support on the steel tank platform has split,Welding
dirty water will not go down my kitchen drain,Plumbing
the air conditioner ignores the scheduled on and off times,Air Conditioning Repair
i want fresh flowering plants put into the garden border. please tell me when someone is available.,Gardening
"need help, the fridge makes a loud knocking noise",Appliance Repair
my electric kettle does nothing when i press its switch,Appliance Repair
can you help with this problem? the wooden bookshelf is leaning.,Carpentry
food stays warm inside my refrigerator. can someone take a look?,Appliance Repair
who can sort this out? the ac outdoor fan is not spinning.,Air Conditioning Repair
the staircase timber railing moves when held. can someone take a look?,Carpentry
the porch light will not come on,Electrical
anyone available? the cement plaster is falling off,Masonry
"need someone, the bamboo clump is spreading too far",Gardening
the roof ridge cap has cracked,Roofing
growth between the roof tiles needs clearing. can someone take a look?,Roofing
could you arrange a repair? the cement floor is uneven.,Masonry
"can u help, the room corners were missed during painting",Painting
could you arrange a repair? the wall paint rubs off like powder.,Painting
i want the garage floor coated with a suitable finish. i need help getting this sorted.,Painting
the bushes beside the path need trimming back,Gardening
the doorbell wiring has come apart,Electrical
a split has opened between the bricks in our outside wall,Masonry
i need someone to check this: the steel dog kennel frame is damaged.,Welding
the ac fan is not blowing air,Air Conditioning Repair
anyone available? the living room needs repainting,Painting
the lighting timer no longer follows the set schedule,Electrical
the air conditioner shows an error code,Air Conditioning Repair
the ac louvre is stuck,Air Conditioning Repair
the painted finish on the entrance door is flaking. who can help me with this?,Painting
the bedroom ceiling drips whenever it rains,Roofing
can you help with this problem? the bathroom floor tiles need replacement.,Masonry
the skirting board has come away from the wall,Carpentry
my air conditioner is noisy while it runs,Air Conditioning Repair
can you help with this problem? the brick barbecue base has cracked.,Masonry
the metal chair frame has cracked,Welding
"pls help, there is a leak in the shower hose",Plumbing
"hi there, the old roof underlay is torn",Roofing
the freezer is making too much ice,Appliance Repair
please send someone to look at this. the bathroom tile grout is missing.,Masonry
looking for help with this. the gutter is overflowing during rain.,Roofing
growth between the roof tiles needs clearing,Roofing
the flush handle is broken,Plumbing
who can sort this out? there is a leak at the base of the toilet.,Plumbing
the front cement step has chipped and needs rebuilding,Masonry
"need help, the steel table leg has come off",Welding
the room light stays on whatever position the switch is in. could someone visit and check it?,Electrical
the washer leaves the clothes soaking wet,Appliance Repair
the timer switch for the outdoor lights is stuck,Electrical
i need the unwanted growth removed around the vegetables,Gardening
the steel bracket beside the rolling shutter needs rejoining,Welding
can you help with this problem? the metal signboard frame has come apart.,Welding
the old roof underlay is torn,Roofing
the air conditioner condensate pump is not removing water. i need help getting this sorted.,Air Conditioning Repair
the vacuum cleaner has lost suction,Appliance Repair
the air conditioner water outlet tube has disconnected. please tell me when someone is available.,Air Conditioning Repair
"need someone, the electric kettle leaks from its base",Appliance Repair
"hi there, the wall has a hole left by an old pipe",Masonry
the insulation has peeled off the power cable beside the door,Electrical
there is a leak at the base of the toilet,Plumbing
the tumble dryer hums but the clothes stay in one place. could someone visit and check it?,Appliance Repair
"need someone, the overhead water tank is overflowing",Plumbing
the extension wiring in the shed is damaged,Electrical
i need someone to check this: the concrete porch edge is chipped.,Masonry
the new block wall needs rendering,Masonry
anyone available? the roof vent seal is damaged,Roofing
i need someone to check this: the patched wall does not match the surrounding colour.,Painting
the refrigerant joint beside the air conditioner needs sealing. i would like someone to handle this.,Air Conditioning Repair
i want help feeding the lawn and garden beds appropriately. i would like someone to handle this.,Gardening
the bedroom ceiling drips whenever it rains. can someone take a look?,Roofing
"hi there, the garden swing frame has a crack",Welding
the air conditioner restarts with the wrong settings,Air Conditioning Repair
the tiled floor must be relaid so water runs to the outlet,Masonry
the narrow tiles along the bottom of the wall need refixing,Masonry
anyone available? the garden needs clearing after months of neglect,Gardening
my air conditioner is noisy while it runs. please tell me when someone is available.,Air Conditioning Repair
our timber garden gate hangs low and catches the ground. can someone take a look?,Carpentry
brown scorch marks have appeared on the power point,Electrical
one leg on my wooden chair wobbles badly,Carpentry
there are gaps in the roofing where tiles have moved,Roofing
the air conditioner condensate pump is not removing water,Air Conditioning Repair
the sandwich maker heats on only one plate,Appliance Repair
loose roofing sheets make a loud noise during gusts,Roofing
looking for help with this. the rose bush needs pruning.,Gardening
anyone available? the bed slats have snapped,Carpentry
"hi there, the lawn edges look untidy",Gardening
the refrigerator clicks repeatedly and does not stay running,Appliance Repair
who can sort this out? the metal shutter needs repainting.,Painting
anyone available? the cable feeding the garage has been cut,Electrical
"can u help, the shower mixer only supplies hot watter",Plumbing
the ac drain hose has come off,Air Conditioning Repair
"need help, the ac outdoor fan is not spinning",Air Conditioning Repair
who can sort this out? the ac timer does not work.,Air Conditioning Repair
the masonry beside the window opening is broken,Masonry
the oven door seal has come loose,Appliance Repair
water drips through corroded spots in the metal roofing. please tell me when someone is available.,Roofing
"need someone, the steel workbench support has snapped",Welding
can you help with this problem? the toilet seat bolts are loose.,Plumbing
there are exposed electrical wires near the doorway,Electrical
the timber window surrounds need a fresh painted finish. could someone visit and check it?,Painting
the washing machine will not spin,Appliance Repair
i want the bathroom walls repainted with a suitable finish,Painting
the foam covering around the aircon pipes is damaged. please let me know if you can help.,Air Conditioning Repair
a corner of our metal security cage has come apart,Welding
the stone boundary wall needs repointing,Masonry
the balcony rail needs rust preparation and protective paint,Painting
"need help, the bathroom pipe makes a bang when i close the tap",Plumbing
i need someone to check this: the iron fence has a snapped bar.,Welding
the flower bed needs new plants,Gardening
"need help, the rice cooker stops before the rice is cooked",Appliance Repair
anyone available? the storage chest lid has broken hinges,Carpentry
the aircon copper line is frosting up,Air Conditioning Repair
could you arrange a repair? the air conditioner is leaking refrigerant.,Air Conditioning Repair
the portable cooktop will not detect suitable cookware,Appliance Repair
anyone available? the pipe feeding the water tank is cracked,Plumbing
"hi, the woodn gate is sagging",Carpentry
the timber cabinet door has split near the handle. can someone take a look?,Carpentry
"need someone, the air conditioner has a failed capacitor",Air Conditioning Repair
the floor tiles are loose,Masonry
the ac swing motor is broken,Air Conditioning Repair
the thin wooden surface on the table is peeling away,Carpentry
i need someone to check this: the ac indoor casing is loose and noisy.,Air Conditioning Repair
the steel plate holding the sliding gate wheel is broken. can i book someone for this job?,Welding
please send someone to look at this. the roof tiles have slipped out of place.,Roofing
a bad drain smell is coming from beneath the washbasin,Plumbing
the steel ladder mounting joint needs welding repair,Welding
i need a service visit. the potted plants need repotting.,Gardening
the roof screws have worn sealing washers,Roofing
"hello, the bathroom floor tiles need replacement",Masonry
the switch supplying the heater has melted around its terminals,Electrical
i need the leaves cleared from the lawn and beds,Gardening
the blender motor runs but the blades do not turn,Appliance Repair
the earth wire at the distribution board is disconnected,Electrical
"pls help, the air conditioner is leaking refrigerant",Air Conditioning Repair
"pls help, the ac makes a rattling sound",Air Conditioning Repair
the equipment support frame has split along a weld. please tell me when someone is available.,Welding
"need someone, the cement fence post is chipped",Masonry
looking for help with this. the fallen twigs need clearing from the garden.,Gardening
the creeper needs a support trellis,Gardening
"hello, the wooden shoe rack has broken",Carpentry
"need help, the kitchen wall paint is greasy and discoloured",Painting
"hi there, the stair handrail finish has worn off",Painting
"need someone, my water meter connection is leaking",Plumbing
please send someone to look at this. the socket is discoloured around the plug holes.,Electrical
the flexible hose under the basin has burst,Plumbing
there are not enough power sockets in my study,Electrical
the fence paint is peeling off,Painting
"hello, the backyard needs a small concrete slab",Masonry
"need someone, the old house wiring needs replacement",Electrical
i cannot get cold water through the shower mixing valve,Plumbing
who can sort this out? the fridge makes a loud knocking noise.,Appliance Repair
"need help, the roof access hatch seal leaks",Roofing
the kitchen sink is blocked,Plumbing
the heating surface beneath the rice pot needs repair. can someone take a look?,Appliance Repair
the mixer makes a noise without blending anything,Appliance Repair
anyone available? the wheelbarrow frame is broken,Welding
"hi, the rice cooker inner heating plate is damaged",Appliance Repair
water is escaping from the tank inlet line,Plumbing
the backyard needs a vegetable garden started,Gardening
my washbasin faucet leaks even when i close it tightly. could someone visit and check it?,Plumbing
the paint around the light switches is dirty,Painting
several roof tiles are broken,Roofing
the boundary bushes need reducing to a manageable height,Gardening
water is spraying from a broken water pipe inside the wall,Plumbing
the steel bracket supporting the cart axle has snapped. please tell me when someone is available.,Welding
the exterior paint has lost its colour in the sun,Painting
"need help, the outdoor socket fills with rainwater",Electrical
can someone help? the fridge is not cooling.,Appliance Repair
the concrete porch edge is chipped,Masonry
water keeps flowing into the toilet bowl all day,Plumbing
"hello, the ac copper connection is leaking",Air Conditioning Repair
water comes through the roof to wall connection,Roofing
"can u help, the washng machine fills continuously",Appliance Repair
water has got inside the exterior power outlet,Electrical
"hello, the ac outdoor unit is not running",Air Conditioning Repair
the ac only works in fan mode,Air Conditioning Repair
"hello, the garden bed needs compost mixed in",Gardening
who can sort this out? the kitchen wall paint is greasy and discoloured.,Painting
the paint finish on my room wall is coming off in flakes,Painting
"hi there, the vacuum cleaner brush roller has stopped",Appliance Repair
the steel support under the wheelbarrow tray has snapped,Welding
can someone help? my wooden cupboard door is broken.,Carpentry
"need help, the utility room needs new floor tiles",Masonry
"need help, the hedge has grown too tall",Gardening
the underground supply pipe is leaking,Plumbing
the tiles along the top of the roof are shifting,Roofing
the front cement step has chipped and needs rebuilding. please tell me when someone is available.,Masonry
the painted surface looks striped and uneven,Painting
the steel dog kennel frame is damaged,Welding
turning the faucet knob does not release any water,Plumbing
the cupboard needs a new internal shelf,Carpentry
looking for help with this. the vacuum cleaner brush roller has stopped.,Appliance Repair
the metal cage frame needs broken bars welded back. could someone visit and check it?,Welding
the fixed electrical cable supplying the shed has split insulation,Electrical
water has got inside the exterior power outlet. can i book someone for this job?,Electrical
dirty water stays at the bottom of the dishwashing machine. could someone visit and check it?,Appliance Repair
the repaired area needs blending into the existing paint. could someone visit and check it?,Painting
the clear roofing panel over the parking area has cracked. who can help me with this?,Roofing
i need a timber desk built to fit this small space. who can help me with this?,Carpentry
water comes through the roof to wall connection. i would like someone to handle this.,Roofing
the grass needs trimming neatly along the path. please let me know if you can help.,Gardening
the hinge needs welding back onto the iron gate. i would like someone to handle this.,Welding
one timber step moves when i stand on it,Carpentry
a section of roof gutter is hanging away from the fascia. can i book someone for this job?,Roofing
the electrician identified a disconnected neutral wire for the lights,Electrical
water gets under the roofing during windy storms. please let me know if you can help.,Roofing
i need someone to check this: the hedge is blocking the walkway.,Gardening
the lawn edges look untidy,Gardening
i need a service visit. my water meter connection is leaking.,Plumbing
air keeps sputtering out of the taps,Plumbing
could you arrange a repair? the wooden bench has a damaged seat.,Carpentry
could you arrange a repair? the tile adhesive has failed on the wall.,Masonry
a steel step has detached from the ladder side,Welding
"hi there, the air conditioner evaporator coil is very dirty",Air Conditioning Repair
"can u help, the balcony railing weld has brokn",Welding
the clothes iron stays cold after being plugged in,Appliance Repair
an error message appears on the washer control panel,Appliance Repair
the garden has a pile of fallen leaves,Gardening
the roof drain on the terrace is blocked,Roofing
the tiled skirting has come off,Masonry
could you arrange a repair? the kitchen sink waste fitting is leaking.,Plumbing
several tiles move under my feet,Masonry
"need help, the steel canopy bracket has snapped",Welding
i need someone to check this: the wall switch will not turn the light off.,Electrical
please send someone to look at this. the plywood backing on my wardrobe is broken.,Carpentry
could you arrange a repair? the roof fascia beside the gutter is damaged.,Roofing
please send someone to look at this. the room needs a custom wooden study desk.,Carpentry
there is a drip coming from the pipe under my sink. can someone take a look?,Plumbing
"can u help, the roof tiles have slipped out of place",Roofing
who can sort this out? the electric iron leaks water onto clothes.,Appliance Repair
"hello, the drawer runners in my wooden desk are jammed",Carpentry
the cooker changes to warm while the rice is still hard,Appliance Repair
the wooden trunk lid has detached from its hinge points,Carpentry
the lawn has bare patches,Gardening
a humming noise comes from the light fitting,Electrical
the cooling unit tries to start and then stops with a click. i need help getting this sorted.,Air Conditioning Repair
who can sort this out? the wall mounted wooden shelf has split.,Carpentry
who can sort this out? the water heater wall isolator is burnt.,Electrical
can you help with this problem? the wooden cot side rail is cracked.,Carpentry
"hello, the metal gate hinge has snapped off",Welding
the low boundary wall needs extending,Masonry
the portable cooktop will not detect suitable cookware. who can help me with this?,Appliance Repair
the garden lights keep tripping their breaker,Electrical
the faceplate on my power point is broken. i need help getting this sorted.,Electrical
the yard needs tidying after small branches came down. please let me know if you can help.,Gardening
looking for help with this. the fuse blows whenever that circuit is switched on.,Electrical
"need someone, the socket cover is cracked",Electrical
the wooden surround of the loft opening has split,Carpentry
"hi there, the electric kettle does not switch off after boiling",Appliance Repair
i need someone to check this: the roof vent seal is damaged.,Roofing
"pls help, water pressure at every tap is very low",Plumbing
"need someone, the dead annual flowers need replacing",Gardening
can someone help? the washing machine door will not unlock.,Appliance Repair
"need help, the sofa has a broken wooden support",Carpentry
the paint on the porch columns needs renewing. i would like someone to handle this.,Painting
the lightweight roofing over the storage shed is damaged,Roofing
the toilet is overflowing when flushed,Plumbing
my bread comes out toasted on one face and raw on the other. i need help getting this sorted.,Appliance Repair
the fridge interior light is not working,Appliance Repair
i want the young tree pruned to improve its form. i need help getting this sorted.,Gardening
the waterproof lining beneath the roof tiles is damaged,Roofing
the waterproof layer on the roof has a split,Roofing
"need someone, the bathtub drain stopper is jammed",Plumbing
my timber bookcase has become unstable,Carpentry
there is a burning smell from the fuse box,Electrical
the shed roof panels are cracked,Roofing
i need a service visit. the kitchen cabinet hinge has pulled out of the wood.,Carpentry
a support on the steel tank platform has split. please tell me when someone is available.,Welding
i want a protective painted finish on the outside walls,Painting
i cannot control the stair light from both switches. could someone visit and check it?,Electrical
the toilet seat bolts are loose,Plumbing
the previous paint job left runs that need smoothing and repainting. please let me know if you can help.,Painting
can someone help? ice is forming on the ac pipes.,Air Conditioning Repair
the waste pipe has fallen off underneath the washbasin,Plumbing
air from one part of the indoor unit is much warmer. can someone take a look?,Air Conditioning Repair
the roof gutter has a leaking joint,Roofing
the patched outside wall needs its colour restored,Painting
the wood at the bottom of the cabinet has softened and collapsed. please tell me when someone is available.,Carpentry
the tiles along the top of the roof are shifting. i would like someone to handle this.,Roofing
the water tank does not stop filling when it is full,Plumbing
the bathroom pipe makes a bang when i close the tap,Plumbing
i want a new paint colour over the existing textured finish,Painting
the repaired leak left marks that need covering with paint,Painting
the waterproof lining beneath the roof tiles is damaged. please let me know if you can help.,Roofing
i need a service visit. the bathroom needs moisture resistant paint.,Painting
can you help with this problem? the ac only works in fan mode.,Air Conditioning Repair
the repaired leak left marks that need covering with paint. please tell me when someone is available.,Painting
"need help, the electric iron leaks water onto clothes",Appliance Repair
the steel bracket beside the rolling shutter needs rejoining. please let me know if you can help.,Welding
i need a service visit. the concrete floor needs floor paint.,Painting
i need a service visit. the roof edge flashing has blown off.,Roofing
the wall has a hole left by an old pipe,Masonry
who can sort this out? the wall needs plastering after electrical work.,Masonry
i need a matching metal fence panel made and joined. who can help me with this?,Welding
"need someone, the wooden door needs trimming after new flooring",Carpentry
the gate stop has broken off,Welding
a puddle forms underneath the refrigerator. i would like someone to handle this.,Appliance Repair
who can sort this out? the roof access hatch seal leaks.,Roofing
who can sort this out? the utility room needs new floor tiles.,Masonry
the bathtub drain stopper is jammed,Plumbing
the steel support under the garden bench has snapped. who can help me with this?,Welding
the ac timer does not work,Air Conditioning Repair
the aircon stops cooling before the room reaches the set temperature. can someone take a look?,Air Conditioning Repair
the electrical distribution board smells like burnt plastic,Electrical
the planting soil needs organic matter before i sow vegetables,Gardening
water drips around the drain fitting underneath the sink. please tell me when someone is available.,Plumbing
the ac condenser fins are clogged,Air Conditioning Repair
"hello, the porch roof leaks where it meets the house",Roofing
i need someone to check this: the wooden bedroom door scrapes the floor.,Carpentry
the ac makes a whistling noise,Air Conditioning Repair
the ac makes a rattling sound,Air Conditioning Repair
anyone available? the dryer drum does not turn,Appliance Repair
"hi, ice is forming on the ac pipes",Air Conditioning Repair
i need the bushes transplanted to a sunnier part of the garden,Gardening
the steel advertising frame has broken at the corner. i would like someone to handle this.,Welding
looking for help with this. the roof leaks only when wind drives rain sideways.,Roofing
please send someone to look at this. the balcony railing weld has broken.,Welding
water comes through the closed hatch on the rooftop,Roofing
water is leaking from the kitchen pipe,Plumbing
i want a fresh colour on the lounge walls,Painting
"can u help, the light switch feels hot",Electrical
anyone available? the concrete porch edge is chipped,Masonry
the concrete surface needs levelling. please tell me when someone is available.,Masonry
the microwave turntable is not rotating,Appliance Repair
anyone available? the roof eaves cover is loose,Roofing
there are gaps in the roofing where tiles have moved. who can help me with this?,Roofing
the old metal supply pipe is rusty and needs replacing,Plumbing
the dry leaves on the ornamental plants need removing,Gardening
"hello, the plants need fertiliser applied",Gardening
the rcd test button does not trip the switch,Electrical
wastewater is backing up from the inspection chamber,Plumbing
"pls help, the metal handcart axle bracket is broken",Welding
the refrigerator has started banging while it runs,Appliance Repair
the thin wooden panel at the back of the cupboard has fallen out. who can help me with this?,Carpentry
looking for help with this. the wall behind removed tiles needs replastering.,Masonry
the door latch recess in the wood is damaged,Carpentry
who can sort this out? the shed roof panels are cracked.,Roofing
the grounding connection has come loose in the electrical panel. who can help me with this?,Electrical
the whole faucet moves around on the sink. please let me know if you can help.,Plumbing
the room light stays on whatever position the switch is in,Electrical
water appears around the toilet pedestal after each flush,Plumbing
the exposed water pipe is badly corroded,Plumbing
the washing machine detergent drawer leaks,Appliance Repair
i need someone to check this: the dining table top is split.,Carpentry
brown scorch marks have appeared on the power point. who can help me with this?,Electrical
"need someone, the roof gutter has a leaking joint",Roofing
please send someone to look at this. the vacuum cleaner has lost suction.,Appliance Repair
the pipe feeding the water tank is cracked,Plumbing
dust has built up on the aircon fan drum,Air Conditioning Repair
"can u help, the house exterior neads weatherproof paint",Painting
the roof tiles have slipped out of place,Roofing
the corrugated roof sheet has rust holes,Roofing
"pls help, the cement floor is uneven",Masonry
looking for help with this. the washing machine does not drain.,Appliance Repair
the timber side of the baby bed has split. i would like someone to handle this.,Carpentry
"hello, the wooden cot side rail is cracked",Carpentry
the same electrical fuse burns out repeatedly,Electrical
"hello, the hedge needs shaping evenly",Gardening
"hi, the metel flower pot stand is unstable",Welding
my outdoor tap has snapped off,Plumbing
"pls help, the toilet keeps running after flushing",Plumbing
the refrigerator stays dark when i open the door. who can help me with this?,Appliance Repair
nothing gets power from that wall socket. can i book someone for this job?,Electrical
"hi there, the shower head is blocked with limescale",Plumbing
i need ceramic tiles installed on the laundry floor. can i book someone for this job?,Masonry
the bathroom light gives a buzzing sound,Electrical
looking for help with this. the ac will not respond to the remote.,Air Conditioning Repair
the bottom of my timber door drags whenever i open it. could someone visit and check it?,Carpentry
"need help, there is a leak at the base of the toilet",Plumbing
"need someone, the concrete window sill has broken",Masonry
"hello, the ac only works in fan mode",Air Conditioning Repair
looking for help with this. the floor tiles are loose.,Masonry
the planting soil needs organic matter before i sow vegetables. i would like someone to handle this.,Gardening
the masonry border around the planting bed is falling apart. can someone take a look?,Masonry
"can u help, the woodn bed frame creaks and moves",Carpentry
"can u help, the carport roof has a damaged translucent sheet",Roofing
"hello, the ceiling has smoke stains",Painting
"can u help, the fridge interior light is not workng",Appliance Repair
the roof flashing around the chimney is leaking,Roofing
can you help with this problem? the ac indoor blower wheel is dirty.,Air Conditioning Repair
"pls help, the kitchen sink waste fitting is leaking",Plumbing
can someone help? the wall socket is sparking.,Electrical
the garden plants need tidying and dead foliage cut away,Gardening
the timber side of the baby bed has split,Carpentry
the yard needs tidying after small branches came down,Gardening
the balcony needs a custom steel safety grille,Welding
the narrow tiles along the bottom of the wall need refixing. can i book someone for this job?,Masonry
the braided water connector below the sink has split. can someone take a look?,Plumbing
"can u help, the roof gutter is blokced with leaves",Roofing
the same electrical fuse burns out repeatedly. please let me know if you can help.,Electrical
"pls help, the ornamental grass needs cutting back",Gardening
rain enters around the ventilation outlet through the roof. could someone visit and check it?,Roofing
could you arrange a repair? the electric oven temperature control is faulty.,Appliance Repair
a steel rod has detached from our drying rack. i need help getting this sorted.,Welding
"hi there, the fallen twigs need clearing from the garden",Gardening
"pls help, the cupboard base has rotted after a leak",Carpentry
"hi, the ceiling fan wall regulator is brokn",Electrical
i need a service visit. the floor drain in the bathroom is clogged.,Plumbing
i want one lounge wall painted in a contrasting colour. could someone visit and check it?,Painting
"need someone, the timer switch for the outdoor lights is stuck",Electrical
the cooling unit tries to start and then stops with a click,Air Conditioning Repair
the air conditioner ignores the scheduled on and off times. can i book someone for this job?,Air Conditioning Repair
several shingles have curled up and broken off,Roofing
"hi, the porch light will not come on",Electrical
the metal corner of the bed has separated,Welding
the wall valve feeding the washer drips even with the machine off,Plumbing
i want a metal guard fabricated for the balcony opening. i would like someone to handle this.,Welding
the enclosure around our electricity meter will not close. could someone visit and check it?,Electrical
"need help, the bidet spray trigger is leaking",Plumbing
the paint on the porch columns needs renewing,Painting
the metal roof access ladder bracket has cracked,Welding
the wooden window frames need painting,Painting
the covering along the roof peak is broken. can i book someone for this job?,Roofing
can someone help? the blender motor runs but the blades do not turn.,Appliance Repair
the washing machine supply tap is leaking,Plumbing
"need help, the metal roof access ladder bracket has cracked",Welding
the joints between the bathroom tiles need filling again,Masonry
the condenser shakes loudly whenever it starts,Air Conditioning Repair
"pls help, the oven door seal has come loose",Appliance Repair
the steel swing support has split at a weld,Welding
the washer keeps taking in water without starting the wash. who can help me with this?,Appliance Repair
one rod has detached from the metal window guard. i need help getting this sorted.,Welding
i need a service visit. the washing machine displays a fault code.,Appliance Repair
i want one lounge wall painted in a contrasting colour,Painting
a fault number is flashing on the ac display,Air Conditioning Repair
rainwater spills over the edge of the roof gutter,Roofing
"can u help, the garden neads regular watering while i am away",Gardening
the steel post needs rejoining to the mounting plate. i would like someone to handle this.,Welding
can you help with this problem? the ridge tiles have come loose.,Roofing
"pls help, the wall paint has bubbles",Painting
anyone available? the basin pop up plug will not seal,Plumbing
the faucets spit air before the water starts flowing,Plumbing
the refrigerant joint beside the air conditioner needs sealing,Air Conditioning Repair
the lawn is overgrown,Gardening
dead grass has built up at soil level and needs clearing. please let me know if you can help.,Gardening
anyone available? water is dripping from the indoor ac unit,Air Conditioning Repair
the roof joint beside the chimney is no longer watertight,Roofing
"hi there, the gate lock box has detached",Welding
can someone help? the porch light will not come on.,Electrical
the glass plate inside the microwave stays still,Appliance Repair
rainwater cannot leave the flat rooftop through its outlet,Roofing
rain enters around a pipe passing through the roofing,Roofing
a weld on the steel plant rack has failed. can someone take a look?,Welding
the roof waterproof coating is peeling,Roofing
the bread pops up immediately because the toaster catch will not hold. can someone take a look?,Appliance Repair
"hello, the rainwater downpipe is detached from the gutter",Roofing
can someone help? the entrance paving has loose blocks.,Masonry
the electrical meter box cover is broken,Electrical
the panel underneath the roof overhang is hanging down,Roofing
"pls help, the concrete staircase corner is damaged",Masonry
who can sort this out? the gutter bracket has broken.,Roofing
"can u help, the room neads a custom wooden study desk",Carpentry
the window security grille has a broken bar,Welding
who can sort this out? the broken concrete drain cover needs replacing.,Masonry
the air conditioner water outlet tube has disconnected,Air Conditioning Repair
i need a service visit. the extension wiring in the shed is damaged.,Electrical
loose roofing sheets make a loud noise during gusts. can someone take a look?,Roofing
a split has opened between the bricks in our outside wall. can someone take a look?,Masonry
the ceiling junction box has loose wires,Electrical
the wall tiles are lifting away from their backing. please tell me when someone is available.,Masonry
there is a steady drip at the pipe beside the water meter,Plumbing
i want the damaged ceramic flooring taken up and relaid,Masonry
the speed control on the wall no longer changes the fan speed. can someone take a look?,Electrical
the timber table needs a new clear protective coat,Painting
the cupboard handle screws no longer grip the wood,Carpentry
"hello, the balcony needs a custom steel safety grille",Welding
rainwater pours from the open end of the gutter. i need help getting this sorted.,Roofing
i need someone to check this: the bed slats have snapped.,Carpentry
"hi, the attic hatch timber frame is brokn",Carpentry
a metal leg has separated from the table frame. can i book someone for this job?,Welding
my tomato plants are falling over and need tying up. please tell me when someone is available.,Gardening
"pls help, the corrugated roof sheet has rust holes",Roofing
the hedge has grown too tall,Gardening
the wooden kitchen worktop has warped,Carpentry
i need someone to check this: the dishwasher does not drain.,Appliance Repair
who can sort this out? the kitchen outlet has stopped working.,Electrical
i need the walls refreshed after the previous occupants moved out,Painting
can you help with this problem? the plants need fertiliser applied.,Gardening
water keeps flowing into the toilet bowl all day. please tell me when someone is available.,Plumbing
the metal gate finish is worn and needs repainting,Painting
can someone help? the air conditioner restarts with the wrong settings.,Air Conditioning Repair
the soil in my pots drains poorly,Gardening
the grill stand has a loose steel leg,Welding
"hello, there are not enough power sockets in my study",Electrical
the planting bed needs loosening and soil improvement,Gardening
the washer leaves the clothes soaking wet. please tell me when someone is available.,Appliance Repair
one timber step moves when i stand on it. please tell me when someone is available.,Carpentry
anyone available? the sink trap smells like sewage,Plumbing
"hi there, the wooden window sill needs replacement",Carpentry
i see sparks coming out of the power outlet,Electrical
rain is getting in around the roofing fasteners,Roofing
could you arrange a repair? the ac makes a rattling sound.,Air Conditioning Repair
the wooden window sill needs replacement,Carpentry
can someone help? the small tree branches hang over the driveway.,Gardening
the tiled roof has cracked pieces that need replacing,Roofing
the opening in the brickwork needs filling with mortar,Masonry
i need a service visit. the roof gutter has a leaking joint.,Roofing
my timber entrance door gets stuck in its frame. can someone take a look?,Carpentry
the ac drain pipe is blocked,Air Conditioning Repair
the timber around my window is crumbling. can i book someone for this job?,Carpentry
the toilet hand shower drips when nobody is using it,Plumbing
i need a service visit. the ac keeps running after the set temperature is reached.,Air Conditioning Repair
the concrete drain channel is cracked,Masonry
my food stays cold even though the microwave timer counts down. who can help me with this?,Appliance Repair
the glass plate inside the microwave stays still. could someone visit and check it?,Appliance Repair
the bedroom light keeps flickering,Electrical
i feel a tingle when touching the metal switch plate,Electrical
"need help, the paint around the light switches is dirty",Painting
the steel tube under my chair has split at a joint. please tell me when someone is available.,Welding
i need the soil raked and the seed beds prepared,Gardening
the cement fence post is chipped,Masonry
"hi there, the roof waterproof coating is peeling",Roofing
the outside lamp stays dark after replacing its bulb,Electrical
could you arrange a repair? there is a leak in the shower hose.,Plumbing
the garden needs clearing after months of neglect,Gardening
the ac technician identified a faulty internal control board. please let me know if you can help.,Air Conditioning Repair
several wooden supports under the mattress are broken,Carpentry
the low masonry wall holding back soil has collapsed,Masonry
the metal signboard frame has come apart,Welding
could you arrange a repair? the toilet keeps running after flushing.,Plumbing
the low branches need pruning away from the parking space,Gardening
water enters where the chimney meets the roof,Roofing
the timber ledge below the window is decayed,Carpentry
the old house wiring needs replacement,Electrical
"pls help, the steel machine stand has a crack",Welding
the timber joints of my bed are loose. who can help me with this?,Carpentry
"can u help, the flower pots are crowded with seedlings",Gardening
the sink overflow pipe is leaking,Plumbing
the water heater wall isolator is burnt,Electrical
i need someone to check this: the skylight leaks around its frame.,Roofing
unwanted plants have spread through my garden border. please tell me when someone is available.,Gardening
"can u help, the vacuum cleaner has lost suction",Appliance Repair
can someone help? the brick garden bed needs repair.,Masonry
i need the unfinished wooden door painted. can someone take a look?,Painting
the socket cover is cracked,Electrical
"pls help, the main breaker keeps tripping",Electrical
the floor drain in the bathroom is clogged,Plumbing
the plants need dividing and spacing further apart. could someone visit and check it?,Gardening
the timber table needs a new clear protective coat. could someone visit and check it?,Painting
the vine needs cutting back and training away from the glass. can someone take a look?,Gardening
water comes through the joint between two roofing panels. can i book someone for this job?,Roofing
the basin pop up plug will not seal,Plumbing
the plywood backing on my wardrobe is broken,Carpentry
the brick boundary wall has a crack,Masonry
the garden needs maintenance twice a month,Gardening
i need the leaves cleared from the lawn and beds. can i book someone for this job?,Gardening
water stays in the plant containers and the potting mix needs changing,Gardening
"can u help, the garden neads preparation before planting seeds",Gardening
could you arrange a repair? the metal water tank stand is cracked.,Welding
the switch plate gets warm whenever the light is on. who can help me with this?,Electrical
i need the dead and overgrown stems cut off my roses. please let me know if you can help.,Gardening
the bamboo clump is spreading too far,Gardening
"hello, the electric iron does not heat",Appliance Repair
please send someone to look at this. the underground supply pipe is leaking.,Plumbing
i need someone to check this: the wooden furniture finish needs varnishing.,Painting
an error message appears on the washer control panel. i need help getting this sorted.,Appliance Repair
"hi, the bedroom wall piant is peeling",Painting
"pls help, the roof drain on the terrace is blocked",Roofing
"need help, the gutter bracket has broken",Roofing
there is a leak at a water pipe joint,Plumbing
"pls help, the switchboard makes a crackling noise",Electrical
"pls help, weeds are taking over the flower bed",Gardening
the plastic cover on the aircon rattles against the unit,Air Conditioning Repair
the ceiling colour is uneven and needs another coat,Painting
the metal gate needs straightening and its cracked frame joined. i would like someone to handle this.,Welding
"need help, the tank float valve is stuck",Plumbing
please send someone to look at this. the bathroom floor needs a slope toward the drain.,Masonry
"hello, the washing machine detergent drawer leaks",Appliance Repair
anyone available? the vegetable patch is full of weeds,Gardening
plants are growing between the stepping stones and need removing. could someone visit and check it?,Gardening
the timber cabinet door has split near the handle,Carpentry
i cannot flush because the toilet lever has snapped,Plumbing
can you help with this problem? the ac outdoor unit is not running.,Air Conditioning Repair
could you arrange a repair? the main breaker keeps tripping.,Electrical
the coupling between two water pipes keeps dripping. please tell me when someone is available.,Plumbing
could you arrange a repair? the metal chair frame has cracked.,Welding
the cement cover over the channel has cracked in half. can i book someone for this job?,Masonry
"pls help, the roof fascia beside the gutter is damaged",Roofing
the room corners were missed during painting,Painting
who can sort this out? the steel canopy bracket has snapped.,Welding
"need someone, the window security grille has a broken bar",Welding
the wire connections above the light fitting have come undone,Electrical
"hi, the flat roof holds standing watter",Roofing
the wall valve feeding the washer drips even with the machine off. can someone take a look?,Plumbing
"hi there, the air conditioner shows an error code",Air Conditioning Repair
the smoke marks need sealing and repainting. i would like someone to handle this.,Painting
"hi, the front woodn door has swollen shut",Carpentry
the security light stays on because its sensor is faulty. i would like someone to handle this.,Electrical
the gate latch bracket has broken,Welding
anyone available? the dining table top is split,Carpentry
"hi, the cieling finish is patchy",Painting
the induction cooker shows an error with every pan,Appliance Repair
can someone help? the office walls need a neutral colour.,Painting
the flush tank is losing water through a split in its side. please let me know if you can help.,Plumbing
rainwater pools on the roof instead of running off. can someone take a look?,Roofing
i need someone to check this: the wheelbarrow frame is broken.,Welding
the wooden stair tread is loose,Carpentry
the ac compressor keeps clicking but will not start,Air Conditioning Repair
water stays in the plant containers and the potting mix needs changing. i would like someone to handle this.,Gardening
i need someone to check this: the grill stand has a loose steel leg.,Welding
the cooling gas line has a confirmed leak that needs repair,Air Conditioning Repair
the seasonal plants in my flower bed have finished and need renewing. i need help getting this sorted.,Gardening
"hi there, the ac pipe insulation has split",Air Conditioning Repair
"hello, the roof gutter has sagged in the middle",Roofing
a joint on my metal gate has broken apart. can someone take a look?,Welding
a section of roof gutter is hanging away from the fascia,Roofing
the joints between the wall stones need fresh mortar,Masonry
can you help with this problem? the metal gate hinge has snapped off.,Welding
"pls help, the dining chair has a loose wooden leg",Carpentry
i need someone to check this: the pipe feeding the water tank is cracked.,Plumbing
i need the unfinished wooden door painted,Painting
the cement floor is uneven,Masonry
"hi, the wall socket is sparking",Electrical
"pls help, the blender jar leaks at the blade seal",Appliance Repair
the low masonry wall holding back soil has collapsed. who can help me with this?,Masonry
the sofa has a broken wooden support,Carpentry
can someone help? the ac blows cold air only on one side.,Air Conditioning Repair
the concrete slope at the entrance needs repair,Masonry
i need an unused opening bricked up,Masonry
i want another timber shelf fitted inside my cabinet. please let me know if you can help.,Carpentry
"need someone, the roof gutter end cap has fallen off",Roofing
the gutter bracket has broken,Roofing
the shelf inside my clothes cupboard fell down. please let me know if you can help.,Carpentry
i cannot lift the plug to empty the bath,Plumbing
i want my climbing garden plant trained onto a support. can i book someone for this job?,Gardening
"hi there, the cupboard handle screws no longer grip the wood",Carpentry
the ac filter is clogged with dust,Air Conditioning Repair
"hello, air keeps sputtering out of the taps",Plumbing
the lighting timer no longer follows the set schedule. i need help getting this sorted.,Electrical
"hi there, the old dark wall colour shows through the new paint",Painting
i want another timber shelf fitted inside my cabinet,Carpentry
half the house has no electricity,Electrical
i cannot pull out the desk drawer properly,Carpentry
i want the workspace repainted in a plain light shade,Painting
the aircon ignores the handset even with new batteries,Air Conditioning Repair
the bathroom tile grout is missing,Masonry
the iron staircase railing has cracked,Welding
"need someone, the concrete floor needs floor paint",Painting
can someone help? the metal rubbish bin stand is broken.,Welding
"pls help, the wooden bench has a damaged seat",Carpentry
please send someone to look at this. the roof flashing around the chimney is leaking.,Roofing
please send someone to look at this. the ac swing motor is broken.,Air Conditioning Repair
please send someone to look at this. the garden shrubs have dead branches.,Gardening
a metal roofing panel has come loose after the storm,Roofing
the rain channel needs realigning to drain properly. i would like someone to handle this.,Roofing
i need the soil raked and the seed beds prepared. who can help me with this?,Gardening
the lamp socket has black burn marks around it,Electrical
the tile adhesive has failed on the wall,Masonry
there is a long crack across the wooden tabletop. could someone visit and check it?,Carpentry
the air conditioner flap will not move up and down,Air Conditioning Repair
"hello, the toilet is overflowing when flushed",Plumbing
could you arrange a repair? the fence paint is peeling off.,Painting
the wall has roller marks from the last paint job,Painting
the painted doorway trim needs refreshing. please tell me when someone is available.,Painting
the rental room needs repainting before new tenants arrive,Painting
the front door paint is chipped,Painting
the exterior paint has lost its colour in the sun. please let me know if you can help.,Painting
the garden swing frame has a crack,Welding
"pls help, the ac drain hose has come off",Air Conditioning Repair
the wood at the bottom of the cabinet has softened and collapsed,Carpentry
can you help with this problem? the stone boundary wall needs repointing.,Masonry
the handle falls off because the holes in the cabinet door are worn,Carpentry
i need the bushes transplanted to a sunnier part of the garden. please tell me when someone is available.,Gardening
i want a cement base laid for outdoor storage. i would like someone to handle this.,Masonry
i want the cabinets painted to match the kitchen,Painting
i cannot enter a cooking time on the microwave keypad. i need help getting this sorted.,Appliance Repair
can you help with this problem? the backyard needs a small concrete slab.,Masonry
the sewer pipe is blocked outside,Plumbing
please send someone to look at this. the shower mixer only supplies hot water.,Plumbing
could you arrange a repair? the cement ramp is crumbling.,Masonry
"can u help, the socket is discoloured around the plug holes",Electrical
"need someone, the low boundary wall needs extending",Masonry
the steel storage cage has a damaged joint,Welding
"hi there, the steel bed frame has a broken joint",Welding
the metal gate finish is worn and needs repainting. i would like someone to handle this.,Painting
one rod has detached from the metal window guard,Welding
water keeps spilling out of the storage tank. i need help getting this sorted.,Plumbing
one leg on my wooden chair wobbles badly. please tell me when someone is available.,Carpentry
the outdoor air conditioner coil is packed with dirt. who can help me with this?,Air Conditioning Repair
"hello, there are exposed electrical wires near the doorway",Electrical
the roof fascia beside the gutter is damaged,Roofing
can you help with this problem? the balcony needs a custom steel safety grille.,Welding
"need someone, the bathroom needs moisture resistant paint",Painting
nothing gets power from that wall socket,Electrical
the protective layer on the concrete roof needs renewing. please let me know if you can help.,Roofing
the garden needs mulch around the plants,Gardening
please send someone to look at this. the flower pots are crowded with seedlings.,Gardening
the concrete surface needs levelling,Masonry
the grass in our yard needs cutting. can someone take a look?,Gardening
please send someone to look at this. the main water valve will not close.,Plumbing
"need someone, the roof edge flashing has blown off",Roofing
"can u help, the gardn shrubs have dead branches",Gardening
looking for help with this. the wall has a hole left by an old pipe.,Masonry
i have to wait a long time before the toilet can flush again. can someone take a look?,Plumbing
water drips from the seam between gutter sections,Roofing
i need a service visit. the wooden door needs trimming after new flooring.,Carpentry
water appears around the toilet pedestal after each flush. can i book someone for this job?,Plumbing
could you arrange a repair? the steel machine stand has a crack.,Welding
water stays on the bathroom floor instead of draining away,Plumbing
who can sort this out? the gate wheel mounting plate has cracked.,Welding
"hi there, the roof screws have worn sealing washers",Roofing
the waste pipe has fallen off underneath the washbasin. can someone take a look?,Plumbing
can someone help? the concrete drain channel is cracked.,Masonry
the interlocking pavers near the gate need relaying,Masonry
"need someone, the wooden window will not close properly",Carpentry
"The wooden front door needs a fresh coat of paint",Painting
"Please apply primer and paint to my timber gate",Painting
"The paving stones on my walkway are uneven",Masonry
"Some stones on the entrance path need to be laid level",Masonry
"The roof panels on my house need replacing",Roofing
"A water pipe has burst inside the bathroom wall",Plumbing
"The outdoor steps need new tiles fitted",Masonry
"The stone walkway is uneven and needs relaying",Masonry
"Please lift and reset the loose paving stones",Masonry
"The stones on the entrance path need leveling",Masonry
"The panels on my roof are worn and need replacement",Roofing
"Please replace the damaged sheets covering the roof",Roofing
"Please give the wooden shutters a new coat of paint",Painting
"The metal gate needs rust removal and repainting",Painting
"Build a low brick wall around the flower beds",Masonry