text,category
The metal roof access ladder bracket has cracked,Welding
The clothes iron stays cold after being plugged in. I would like someone to handle this.,Appliance Repair
The wood beside the door hinge is split. Can I book someone for this job?,Carpentry
I need someone to check this: the living room needs repainting.,Painting
The fridge is leaking onto the kitchen floor,Appliance Repair
"need help, the ac outdoor fan is not spinning",Air Conditioning Repair
I need an unused opening bricked up. Who can help me with this?,Masonry
I need a service visit. the kettle will not switch on.,Appliance Repair
I have to wait a long time before the toilet can flush again. Can someone take a look?,Plumbing
I want my climbing garden plant trained onto a support,Gardening
The portable cooktop will not detect suitable cookware,Appliance Repair
The aircon cannot maintain steady cooling,Air Conditioning Repair
The joints between the bathroom tiles need filling again. Who can help me with this?,Masonry
The room needs proper coverage over its previous colour,Painting
The metal handcart axle bracket is broken,Welding
Can you help with this problem? the backyard needs a small concrete slab.,Masonry
"need someone, the potted plants need repotting",Gardening
The garden bed needs compost mixed in,Gardening
The bathroom floor tiles need replacement,Masonry
The dishes come out with food still stuck on them. Please let me know if you can help.,Appliance Repair
Who can sort this out? the decorative wall texture needs repainting.,Painting
I need a service visit. the steel rack needs a reinforcing brace.,Welding
anyone available? the steel dog kennel frame is damaged,Welding
Looking for help with this. the air conditioner shows an error code.,Air Conditioning Repair
I need a service visit. the old house wiring needs replacement.,Electrical
The insulation has peeled off the power cable beside the door,Electrical
Can someone help? the flat roof holds standing water.,Roofing
Can someone help? the bathroom basin pipe has come loose.,Plumbing
The wooden trunk lid has detached from its hinge points. Could someone visit and check it?,Carpentry
Looking for help with this. the kitchen mixer tap is loose.,Plumbing
A thin split in the plaster finish needs repair,Masonry
Can you help with this problem? the soil in my pots drains poorly.,Gardening
The front cement step has chipped and needs rebuilding. Please tell me when someone is available.,Masonry
The washer leaves the clothes soaking wet,Appliance Repair
"hi, the toaster lever will not stay down",Appliance Repair
The wall has roller marks from the last paint job,Painting
The cooking area walls need cleaning and repainting. Can I book someone for this job?,Painting
The masonry border around the planting bed is falling apart. Can someone take a look?,Masonry
The metal stopper needs welding back onto the gate frame,Welding
Please send someone to look at this. the new ceiling lamp needs connecting to the wiring.,Electrical
I need a service visit. the roof edge flashing has blown off.,Roofing
Water comes through the closed hatch on the rooftop,Roofing
Can someone help? the bedroom wall paint is peeling.,Painting
Can you help with this problem? the iron gate needs a new coat of paint.,Painting
The cooling gas line has a confirmed leak that needs repair. Please tell me when someone is available.,Air Conditioning Repair
The roof drainage pipe has come away at the top. I would like someone to handle this.,Roofing
"hi there, the gutter is overflowing during rain",Roofing
The roof ridge cap has cracked,Roofing
The garage roof leaks at the sheet overlap,Roofing
Could you arrange a repair? the vegetable plants need support stakes.,Gardening
Looking for help with this. the exposed water pipe is badly corroded.,Plumbing
Half the house has no electricity,Electrical
The entrance paving has loose blocks,Masonry
Can you help with this problem? the toilet is overflowing when flushed.,Plumbing
Water has got inside the exterior power outlet,Electrical
Water enters where the chimney meets the roof,Roofing
The garden paths are covered with weeds,Gardening
Can you help with this problem? the hedge needs shaping evenly.,Gardening
"hello, the ac only works in fan mode",Air Conditioning Repair
Please send someone to look at this. the wooden bed frame creaks and moves.,Carpentry
"can u help, the earth wire at the distribution board is disconnected",Electrical
Could you arrange a repair? the kitchen sink waste fitting is leaking.,Plumbing
The doorbell wiring has come apart,Electrical
The equipment support frame has split along a weld,Welding
A humming noise comes from the light fitting. Please tell me when someone is available.,Electrical
"hi, the new timber door neads primer and paint",Painting
"need help, the ceiling junction box has loose wires",Electrical
Who can sort this out? the roof access hatch seal leaks.,Roofing
A damp smell comes out of the aircon vents,Air Conditioning Repair
A humming noise comes from the light fitting,Electrical
"need someone, the old house wiring needs replacement",Electrical
"need help, the creeper needs a support trellis",Gardening
The garden needs clearing after months of neglect,Gardening
"need someone, the bathroom needs moisture resistant paint",Painting
The grass in our yard needs cutting. Can someone take a look?,Gardening
I want the damaged ceramic flooring taken up and relaid,Masonry
The aircon does not cycle off when the room is cold enough. I need help getting this sorted.,Air Conditioning Repair
The indoor air conditioner turns on but no air comes out,Air Conditioning Repair
The heating surface beneath the rice pot needs repair. Can someone take a look?,Appliance Repair
The wall has pencil marks that will not wash off,Painting
Looking for help with this. the lawn has thick thatch.,Gardening
I cannot get cold water through the shower mixing valve. Who can help me with this?,Plumbing
The main water valve will not close,Plumbing
The wood at the bottom of the cabinet has softened and collapsed. Please tell me when someone is available.,Carpentry
Water sprays out of a split in the flexible shower tube,Plumbing
Water is spraying from a broken water pipe inside the wall. I would like someone to handle this.,Plumbing
The steel bracket beside the rolling shutter needs rejoining. Please let me know if you can help.,Welding
Can you help with this problem? the outside pillars need a fresh finish.,Painting
I need someone to check this: the steel dog kennel frame is damaged.,Welding
"hello, the roof gutter has sagged in the middle",Roofing
Could you arrange a repair? weeds are taking over the flower bed.,Gardening
"need help, the ac timer does not work",Air Conditioning Repair
"can u help, the air conditioner turns off after a few minutes",Air Conditioning Repair
Could you arrange a repair? there is a leak at a water pipe joint.,Plumbing
anyone available? the ac fan is not blowing air,Air Conditioning Repair
I need a service visit. the concrete path has cracked.,Masonry
I want one lounge wall painted in a contrasting colour,Painting
A cement stair edge has broken away,Masonry
"hi, the flat roof holds standing watter",Roofing
Can someone help? the washing machine supply tap is leaking.,Plumbing
The roof flashing at the wall has pulled away,Roofing
I need someone to check this: the storage chest lid has broken hinges.,Carpentry
Rainwater comes through the roof above the bedroom,Roofing
"need someone, the concrete window sill has broken",Masonry
A split has opened between the bricks in our outside wall,Masonry
Shutting the faucet causes a loud knock in the water line,Plumbing
Thick frost keeps building up in the freezer compartment,Appliance Repair
"need someone, the small fruit tree needs shaping",Gardening
The condenser shakes loudly whenever it starts,Air Conditioning Repair
The thin wooden panel at the back of the cupboard has fallen out. Who can help me with this?,Carpentry
The tiled floor must be relaid so water runs to the outlet. Who can help me with this?,Masonry
The timber cabinet door has split near the handle,Carpentry
The AC keeps forgetting its temperature setting. Can someone take a look?,Air Conditioning Repair
Can you help with this problem? a pipe burst behind the bathroom wall.,Plumbing
Who can sort this out? the garage roof leaks at the sheet overlap.,Roofing
The garage has no power because its supply wire is damaged. Could someone visit and check it?,Electrical
Please send someone to look at this. the garden needs regular watering while I am away.,Gardening
"hello, a pipe burst behind the bathroom wall",Plumbing
"hi there, the outside wall colour has faded",Painting
The interlocking pavers near the gate need relaying. Can someone take a look?,Masonry
The indoor cooling coil needs a proper service clean,Air Conditioning Repair
The induction cooker shows an error with every pan,Appliance Repair
The timber door will not clear the raised floor surface,Carpentry
There are splits across the cement walkway,Masonry
I cannot pull out the desk drawer properly,Carpentry
"hi there, the washing machine does not drain",Appliance Repair
The steel post needs rejoining to the mounting plate. I would like someone to handle this.,Welding
"need help, the gate wheel mounting plate has cracked",Welding
"can u help, the flower pots are crowded with seedlings",Gardening
Can you help with this problem? the balcony needs a custom steel safety grille.,Welding
Can you help with this problem? air keeps sputtering out of the taps.,Plumbing
Can you help with this problem? the wooden shoe rack has broken.,Carpentry
Water enters where the chimney meets the roof. Who can help me with this?,Roofing
The chalky coating needs preparing and repainting,Painting
The AC outdoor fan is not spinning,Air Conditioning Repair
"need someone, the flat roof membrane has torn",Roofing
The cooling gas line has a confirmed leak that needs repair,Air Conditioning Repair
Who can sort this out? the wall needs plastering after electrical work.,Masonry
The washing machine detergent drawer leaks,Appliance Repair
"hello, the plants need fertiliser applied",Gardening
The dryer runs without drying clothes,Appliance Repair
I need a service visit. the flush handle is broken.,Plumbing
A fault number is flashing on the AC display. Please let me know if you can help.,Air Conditioning Repair
I need a service visit. the potted plants need repotting.,Gardening
The flowering shrubs need moving to another bed,Gardening
My ceiling lights flicker when I lower the dimmer,Electrical
"need help, the hedge has grown too tall",Gardening
"need help, the ac filter is clogged with dust",Air Conditioning Repair
"need help, the fridge makes a loud knocking noise",Appliance Repair
Looking for help with this. the fluorescent fitting only lights at one end.,Electrical
Could you arrange a repair? the AC outdoor unit vibrates heavily.,Air Conditioning Repair
The cooling unit keeps stopping shortly after starting. Who can help me with this?,Air Conditioning Repair
The steel machine stand has a crack,Welding
I need the bushes transplanted to a sunnier part of the garden,Gardening
Could you arrange a repair? the metal water tank stand is cracked.,Welding
The timber frame underneath our couch has cracked. Can I book someone for this job?,Carpentry
The new block wall needs rendering,Masonry
Water spills out of the soap compartment on the washer. I would like someone to handle this.,Appliance Repair
A damp smell comes out of the aircon vents. I need help getting this sorted.,Air Conditioning Repair
The ridge tiles have come loose,Roofing
The fridge makes a loud knocking noise,Appliance Repair
"can u help, the shower drain empties very slowly",Plumbing
The wall behind removed tiles needs replastering,Masonry
The cupboard needs a new internal shelf,Carpentry
The old roof underlay is torn,Roofing
Can someone help? the lawn is overgrown.,Gardening
The bushes beside the path need trimming back. Could someone visit and check it?,Gardening
Looking for help with this. the fallen twigs need clearing from the garden.,Gardening
"hello, the stone boundary wall needs repointing",Masonry
The bedroom wall paint is peeling,Painting
The washer keeps taking in water without starting the wash. Who can help me with this?,Appliance Repair
Rain is getting in around the roofing fasteners. Please let me know if you can help.,Roofing
Can you help with this problem? the ridge tiles have come loose.,Roofing
Rain enters around the ventilation outlet through the roof. Could someone visit and check it?,Roofing
"hi there, the electric kettle does not switch off after boiling",Appliance Repair
The toilet hand shower drips when nobody is using it,Plumbing
The wooden shoe rack has broken,Carpentry
The food processor lid switch is faulty,Appliance Repair
There are exposed electrical wires near the doorway,Electrical
The vine needs cutting back and training away from the glass. Can someone take a look?,Gardening
I need someone to check this: water is dripping from the indoor AC unit.,Air Conditioning Repair
Water drips through corroded spots in the metal roofing,Roofing
The metal shutter needs repainting,Painting
The plastic cover on the aircon rattles against the unit. Could someone visit and check it?,Air Conditioning Repair
The small fruit tree needs shaping,Gardening
"can u help, the bulb holder is scorched",Electrical
Please send someone to look at this. the shower mixer only supplies hot water.,Plumbing
I cannot control the stair light from both switches. Could someone visit and check it?,Electrical
The switch supplying the heater has melted around its terminals. Can I book someone for this job?,Electrical
"need help, the bathroom pipe makes a bang when i close the tap",Plumbing
The thin wooden panel at the back of the cupboard has fallen out,Carpentry
The low masonry wall holding back soil has collapsed. Who can help me with this?,Masonry
The repaired leak left marks that need covering with paint. Please tell me when someone is available.,Painting
The wall valve feeding the washer drips even with the machine off,Plumbing
"hi, the kitchen backsplash tiles are brokn",Masonry
I need a service visit. the metal ladder has a broken rung.,Welding
The garden bed is overcrowded,Gardening
The timber ledge below the window is decayed. Please let me know if you can help.,Carpentry
A steel step has detached from the ladder side. I need help getting this sorted.,Welding
The plants need dividing and spacing further apart,Gardening
The speed control on the wall no longer changes the fan speed,Electrical
The air conditioner handset has stopped showing anything,Air Conditioning Repair
The concrete staircase corner is damaged,Masonry
The smoke marks need sealing and repainting. I would like someone to handle this.,Painting
The wooden trim along the floor has detached. Please let me know if you can help.,Carpentry
The whole faucet moves around on the sink. Please let me know if you can help.,Plumbing
"need someone, the kettle will not switch on",Appliance Repair
A section of roof gutter is hanging away from the fascia. Can I book someone for this job?,Roofing
The steel bracket beside the rolling shutter needs rejoining,Welding
The washer keeps taking in water without starting the wash,Appliance Repair
"pls help, the air conditioner is leaking refrigerant",Air Conditioning Repair
The protective layer on the concrete roof needs renewing,Roofing
Can someone help? the ceiling finish is patchy.,Painting
"can u help, the new ceiling lamp neads connecting to the wiring",Electrical
The aircon flap does not sweep because its small motor has failed,Air Conditioning Repair
The vine needs cutting back and training away from the glass,Gardening
A corner of our metal security cage has come apart. Can I book someone for this job?,Welding
Food stays warm inside my refrigerator,Appliance Repair
anyone available? the grill stand has a loose steel leg,Welding
Who can sort this out? the water heater wall isolator is burnt.,Electrical
Dirty water will not go down my kitchen drain. Please let me know if you can help.,Plumbing
Rain is getting in around the roofing fasteners,Roofing
I need a service visit. the air conditioner has a failed capacitor.,Air Conditioning Repair
The waterproof layer on the roof has a split. I need help getting this sorted.,Roofing
A steel rod has detached from our drying rack,Welding
I want the indoor and outdoor AC units cleaned and checked. Who can help me with this?,Air Conditioning Repair
The metal gate needs straightening and its cracked frame joined,Welding
The window security grille has a broken bar,Welding
The brace underneath the metal bench needs welding back on,Welding
"need someone, the hallway light switch gives a small shock",Electrical
A metal leg has separated from the table frame,Welding
Looking for help with this. the kitchen sink is blocked.,Plumbing
"need help, the electric iron leaks water onto clothes",Appliance Repair
Several wooden supports under the mattress are broken,Carpentry
The AC makes a whistling noise,Air Conditioning Repair
Could you arrange a repair? the bathroom light gives a buzzing sound.,Electrical
Rainwater spills over the edge of the roof gutter,Roofing
I need the walls refreshed after the previous occupants moved out. I need help getting this sorted.,Painting
The speed control on the wall no longer changes the fan speed. Can someone take a look?,Electrical
I need a service visit. the bathroom needs moisture resistant paint.,Painting
The cement between the bricks has washed out. I would like someone to handle this.,Masonry
The air conditioner ignores the scheduled on and off times,Air Conditioning Repair
There is a burning smell from the fuse box,Electrical
"can u help, the garden neads regular watering while i am away",Gardening
Please send someone to look at this. the iron fence needs an extra section fabricated.,Welding
Please send someone to look at this. the room corners were missed during painting.,Painting
The tube light struggles to start and glows at the edge,Electrical
The air conditioner blows warm air instead of cold. Can someone take a look?,Air Conditioning Repair
The roots have outgrown the containers on my balcony,Gardening
anyone available? the living room needs repainting,Painting
The wall mounted wooden shelf has split,Carpentry
The rotating brush on my vacuum will not move. Please let me know if you can help.,Appliance Repair
The rotating brush on my vacuum will not move,Appliance Repair
Who can sort this out? the bathroom pipe makes a bang when I close the tap.,Plumbing
Looking for help with this. the cupboard needs a new internal shelf.,Carpentry
"need someone, the skirting boards need gloss paint",Painting
The kettle will not switch on,Appliance Repair
anyone available? the garden bed is overcrowded,Gardening
"hi there, the lawn has thick thatch",Gardening
Could you arrange a repair? the tile adhesive has failed on the wall.,Masonry
The AC indoor unit is not level and leaks from one corner,Air Conditioning Repair
"need someone, the overhead water tank is overflowing",Plumbing
The timber table needs a new clear protective coat. Could someone visit and check it?,Painting
"hi there, the roof screws have worn sealing washers",Roofing
"need someone, the toaster only heats one side",Appliance Repair
Who can sort this out? the fridge makes a loud knocking noise.,Appliance Repair
The electric oven heats unevenly,Appliance Repair
"need someone, the wooden door needs trimming after new flooring",Carpentry
The metal shelving frame needs another support bar welded across it. I need help getting this sorted.,Welding
I want fresh flowering plants put into the garden border. Please tell me when someone is available.,Gardening
Looking for help with this. the washing machine does not drain.,Appliance Repair
The steel bracket supporting the cart axle has snapped. Please tell me when someone is available.,Welding
A bad drain smell is coming from beneath the washbasin,Plumbing
Can someone help? the entrance paving has loose blocks.,Masonry
I cannot lift the plug to empty the bath. I need help getting this sorted.,Plumbing
Can you help with this problem? the drawer runners in my wooden desk are jammed.,Carpentry
The motion sensor outside never switches the light off,Electrical
The wire connections above the light fitting have come undone,Electrical
The metal storage rack needs its joints welded again,Welding
"pls help, the ac drain hose has come off",Air Conditioning Repair
The condenser shakes loudly whenever it starts. Please tell me when someone is available.,Air Conditioning Repair
anyone available? the wooden bedroom door scrapes the floor,Carpentry
"need help, the metal railing has surface rust and needs repainting",Painting
The fallen twigs need clearing from the garden,Gardening
The washing machine door will not unlock,Appliance Repair
My outdoor tap has snapped off,Plumbing
I need someone to check this: the refrigerator door seal is damaged.,Appliance Repair
The aircon flap does not sweep because its small motor has failed. Who can help me with this?,Air Conditioning Repair
I need someone to check this: the sink trap smells like sewage.,Plumbing
"can u help, the vacuum cleaner has lost suction",Appliance Repair
The toilet keeps running after flushing,Plumbing
anyone available? the microwave turntable is not rotating,Appliance Repair
I cannot pull out the desk drawer properly. I would like someone to handle this.,Carpentry
Dust has built up on the aircon fan drum,Air Conditioning Repair
The safety switch cuts the power repeatedly. Please tell me when someone is available.,Electrical
I need someone to check this: the bedroom light keeps flickering.,Electrical
The balcony rail needs rust preparation and protective paint,Painting
Can someone help? my wooden cupboard door is broken.,Carpentry
The joints between the bathroom tiles need filling again,Masonry
The low masonry wall holding back soil has collapsed,Masonry
"pls help, the ac makes a rattling sound",Air Conditioning Repair
The air conditioner circulates air but will not enter cooling mode,Air Conditioning Repair
The roof valley leaks in heavy rain,Roofing
The roof drainage pipe has come away at the top,Roofing
The attic hatch timber frame is broken,Carpentry
The bamboo clump is spreading too far,Gardening
I need someone to check this: the microwave turntable is not rotating.,Appliance Repair
The timber side of the baby bed has split,Carpentry
The table legs are uneven,Carpentry
"can u help, the room neads a custom wooden study desk",Carpentry
The skylight leaks around its frame,Roofing
Can someone help? the brick boundary wall has a crack.,Masonry
The outside wall colour has faded,Painting
"need help, the wooden window frame is rotten",Carpentry
anyone available? the sink trap smells like sewage,Plumbing
"hello, there are not enough power sockets in my study",Electrical
"pls help, the bathroom light gives a buzzing sound",Electrical
The dishwasher leaves plates dirty,Appliance Repair
Looking for help with this. the balcony tile grout has cracked.,Masonry
The aircon ignores the handset even with new batteries,Air Conditioning Repair
A weld on the steel plant rack has failed. Can someone take a look?,Welding
The wooden window sill needs replacement,Carpentry
Who can sort this out? the gate wheel mounting plate has cracked.,Welding
I want regular help with mowing and looking after the plants,Gardening
Could you arrange a repair? the oven door seal has come loose.,Appliance Repair
Water escapes from the bottom of my kettle,Appliance Repair
Please send someone to look at this. the socket is discoloured around the plug holes.,Electrical
Can someone help? the concrete drain channel is cracked.,Masonry
The garden swing frame has a crack,Welding
The garden has a pile of fallen leaves,Gardening
Rain enters around a pipe passing through the roofing. Who can help me with this?,Roofing
Plants are growing between the stepping stones and need removing,Gardening
A fault number is flashing on the AC display,Air Conditioning Repair
"hello, there are exposed electrical wires near the doorway",Electrical
The hinge needs welding back onto the iron gate,Welding
"hi, the washng machine door will not unlock",Appliance Repair
"hi, the brick garden bed needs reapir",Masonry
Can you help with this problem? the electric oven heats unevenly.,Appliance Repair
The covering along the roof peak is broken,Roofing
The flush tank is losing water through a split in its side,Plumbing
Looking for help with this. the AC pipe insulation has split.,Air Conditioning Repair
The rain channel needs realigning to drain properly. I would like someone to handle this.,Roofing
The storage chest lid has broken hinges,Carpentry
Rainwater pools on the roof instead of running off,Roofing
The staircase timber railing moves when held. Can someone take a look?,Carpentry
My tomato plants are falling over and need tying up,Gardening
Looking for help with this. the outside steps need tiling.,Masonry
The lawn edges look untidy,Gardening
Please send someone to look at this. the roof sheet around the water pipe is leaking.,Roofing
The air conditioner circulates air but will not enter cooling mode. I would like someone to handle this.,Air Conditioning Repair
"pls help, the fence paint is peeling off",Painting
Can you help with this problem? the motion sensor outside never switches the light off.,Electrical
Looking for help with this. the wall has dried paint drips.,Painting
I want the garage floor coated with a suitable finish. I need help getting this sorted.,Painting
The clear roofing panel over the parking area has cracked,Roofing
The steel shelf frame has come apart,Welding
"can u help, the microwave runs but does not heat",Appliance Repair
I need a service visit. the bamboo clump is spreading too far.,Gardening
The tiles along the top of the roof are shifting. I would like someone to handle this.,Roofing
"hi there, the fallen twigs need clearing from the garden",Gardening
"pls help, the chimney flashing needs resealing",Roofing
The dimmer makes the lights pulse,Electrical
Please send someone to look at this. the metal bench leg is broken.,Welding
The young plants need thinning and moving into separate pots,Gardening
The electric kettle leaks from its base,Appliance Repair
The steel holder for our bin has snapped,Welding
The steel holder for our bin has snapped. Can someone take a look?,Welding
The new timber door needs primer and paint,Painting
"pls help, the main breaker keeps tripping",Electrical
"can u help, the fridge interior light is not workng",Appliance Repair
"pls help, the concrete staircase corner is damaged",Masonry
Can someone help? the wooden handrail is loose.,Carpentry
Who can sort this out? the timber door frame has cracked.,Carpentry
The roof access hatch seal leaks,Roofing
The washing machine will not spin,Appliance Repair
The grass needs trimming neatly along the path. Please let me know if you can help.,Gardening
"need help, the tiled skirting has come off",Masonry
I need the dead wood removed from the bushes,Gardening
My wooden cupboard door is broken,Carpentry
The tiled skirting has come off,Masonry
"need someone, the roof edge flashing has blown off",Roofing
Rainwater spills over the edge of the roof gutter. Please let me know if you can help.,Roofing
The freezer is making too much ice,Appliance Repair
The office walls need a neutral colour,Painting
The roof flashing around the chimney is leaking,Roofing
"can u help, the washng machine fills continuously",Appliance Repair
The metal chair frame has cracked,Welding
"need help, the kitchen wall paint is greasy and discoloured",Painting
"can u help, the iron railing has rusted through at one joint",Welding
I need a service visit. the AC keeps running after the set temperature is reached.,Air Conditioning Repair
The old metal supply pipe is rusty and needs replacing,Plumbing
"need someone, the electric kettle leaks from its base",Appliance Repair
"pls help, the dining chair has a loose wooden leg",Carpentry
Looking for help with this. the stair handrail finish has worn off.,Painting
The old plants in the baskets need replacing with new flowers,Gardening
I want fresh flowering plants put into the garden border,Gardening
Several tiles move under my feet,Masonry
There are not enough power sockets in my study,Electrical
The shed roof panels are cracked,Roofing
The joints between the wall stones need fresh mortar. I would like someone to handle this.,Masonry
The living room needs repainting,Painting
"need help, the food processor lid switch is faulty",Appliance Repair
Dirty water stays at the bottom of the dishwashing machine. Could someone visit and check it?,Appliance Repair
The sink overflow pipe is leaking,Plumbing
Please send someone to look at this. the air conditioner turns off after a few minutes.,Air Conditioning Repair
"pls help, the washing machine shakes violently",Appliance Repair
The tumble dryer hums but the clothes stay in one place,Appliance Repair
The stair handrail finish has worn off,Painting
The faucets spit air before the water starts flowing. I would like someone to handle this.,Plumbing
Who can sort this out? the AC outdoor fan is not spinning.,Air Conditioning Repair
Could you arrange a repair? the concrete staircase corner is damaged.,Masonry
The room needs proper coverage over its previous colour. Please let me know if you can help.,Painting
"need someone, the garden needs mulch around the plants",Gardening
There are unpainted edges beside the ceiling. Who can help me with this?,Painting
The dry leaves on the ornamental plants need removing,Gardening
The washer jumps around during the spin cycle,Appliance Repair
The toilet seat slides sideways whenever someone sits down. I would like someone to handle this.,Plumbing
The cement channel carrying surface water needs patching,Masonry
The concrete path has cracked,Masonry
Can you help with this problem? the AC outdoor unit is not running.,Air Conditioning Repair
The shower mixer only supplies hot water,Plumbing
"need help, the bidet spray trigger is leaking",Plumbing
Can you help with this problem? the power outlet is loose in the wall.,Electrical
Water remains inside the washer drum after the cycle. Please let me know if you can help.,Appliance Repair
Can you help with this problem? the old roofing sheets need replacement.,Roofing
The cement between the bricks has washed out,Masonry
"hi, the entrance paving has loos blocks",Masonry
"can u help, the socket is discoloured around the plug holes",Electrical
The mixer makes a noise without blending anything. Can someone take a look?,Appliance Repair
I cannot get cold water through the shower mixing valve,Plumbing
I want a protective painted finish on the outside walls,Painting
Can you help with this problem? the sandwich maker heats on only one plate.,Appliance Repair
The concrete boundary post needs patching. I need help getting this sorted.,Masonry
"pls help, the wall paint has bubbles",Painting
anyone available? the cement plaster is falling off,Masonry
The roof gutter is blocked with leaves,Roofing
"pls help, the steel machine stand has a crack",Welding
I need someone to check this: the skylight leaks around its frame.,Roofing
"need someone, the low boundary wall needs extending",Masonry
Can you help with this problem? the garden wall has missing mortar.,Masonry
The wardrobe shelf has collapsed,Carpentry
Can you help with this problem? the AC indoor blower wheel is dirty.,Air Conditioning Repair
Turning on that light immediately cuts off its circuit. Please let me know if you can help.,Electrical
Brown scorch marks have appeared on the power point,Electrical
anyone available? my outdoor tap has snapped off,Plumbing
Looking for help with this. the steel shelf frame has come apart.,Welding
Looking for help with this. the metal shutter guide bracket has broken.,Welding
"need help, the roof ridge cap has cracked",Roofing
The wall paint rubs off like powder,Painting
"need help, the shed roof panels are cracked",Roofing
"hi, the backyard neads a vegetable garden started",Gardening
The wheelbarrow frame is broken,Welding
The fixed electrical cables throughout the house are worn out,Electrical
My food stays cold even though the microwave timer counts down,Appliance Repair
The refrigerant joint beside the air conditioner needs sealing. I would like someone to handle this.,Air Conditioning Repair
Please send someone to look at this. the garden soil is too hard for planting.,Gardening
"need help, the rice cooker stops before the rice is cooked",Appliance Repair
The washer leaves the clothes soaking wet. Please tell me when someone is available.,Appliance Repair
The air conditioner keeps switching between hot and cold,Air Conditioning Repair
The flexible hose under the basin has burst,Plumbing
I want planting beds prepared for growing vegetables,Gardening
The boundary bushes need reducing to a manageable height. Can I book someone for this job?,Gardening
anyone available? the ac indoor casing is loose and noisy,Air Conditioning Repair
I need a service visit. the roof flashing at the wall has pulled away.,Roofing
Can someone help? the AC is running but not cooling.,Air Conditioning Repair
"hi there, the old dark wall colour shows through the new paint",Painting
The garden plants need tidying and dead foliage cut away. Can I book someone for this job?,Gardening
The safety switch cuts the power repeatedly,Electrical
Who can sort this out? the roof ridge cap has cracked.,Roofing
The timber ledge below the window is decayed,Carpentry
The hinge needs welding back onto the iron gate. I would like someone to handle this.,Welding
The bed slats have snapped,Carpentry
"hi there, the wall has dried paint drips",Painting
"pls help, the cement ramp is crumbling",Masonry
anyone available? the cable feeding the garage has been cut,Electrical
Could you arrange a repair? the cement ramp is crumbling.,Masonry
The front cement step has chipped and needs rebuilding,Masonry
The paint on the porch columns needs renewing. I would like someone to handle this.,Painting
The young plants need thinning and moving into separate pots. Who can help me with this?,Gardening
Looking for help with this. the gutter is overflowing during rain.,Roofing
"need help, the steel table leg has come off",Welding
There is a high pitched sound from the aircon while cooling. Can I book someone for this job?,Air Conditioning Repair
"need help, the water heater wall isolator is burnt",Electrical
I need someone to check this: the vegetable patch is full of weeds.,Gardening
The cooker changes to warm while the rice is still hard. Can I book someone for this job?,Appliance Repair
The light switch feels hot,Electrical
"pls help, the concrete doorstep is broken",Masonry
I need a service visit. the skirting boards need gloss paint.,Painting
"hello, the metal signboard frame has come apart",Welding
The steam iron drips through its soleplate,Appliance Repair
The thin wooden surface on the table is peeling away. Please tell me when someone is available.,Carpentry
I need a service visit. the washing machine displays a fault code.,Appliance Repair
"hi there, the dishwasher leaves plates dirty",Appliance Repair
The air conditioner has a failed capacitor,Air Conditioning Repair
Looking for help with this. the wall has pencil marks that will not wash off.,Painting
The porch light will not come on,Electrical
"hi there, the fluorescent fitting only lights at one end",Electrical
A weld on the steel plant rack has failed,Welding
"need help, the doorbell wiring has come apart",Electrical
The low boundary wall needs extending,Masonry
"can u help, the ac condenser fins are clogged",Air Conditioning Repair
I want a protective painted finish on the outside walls. Who can help me with this?,Painting
Who can sort this out? the steel storage cage has a damaged joint.,Welding
The kitchen wall paint is greasy and discoloured,Painting
I need someone to check this: the feature wall needs a different shade.,Painting
The steam iron drips through its soleplate. Can I book someone for this job?,Appliance Repair
The AC copper connection is leaking,Air Conditioning Repair
The steel rack needs a reinforcing brace,Welding
Can you help with this problem? there is a burning smell from the fuse box.,Electrical
The brick garden bed needs repair,Masonry
"hi, the ceiling fan wall regulator is brokn",Electrical
I need the unwanted growth removed around the vegetables. Could someone visit and check it?,Gardening
"pls help, the wall paint rubs off like powder",Painting
The hanging baskets need refreshing,Gardening
"pls help, the roof drain on the terrace is blocked",Roofing
"pls help, weeds are taking over the flower bed",Gardening
The timber divider between our rooms is wobbling. Could someone visit and check it?,Carpentry
I cannot flush because the toilet lever has snapped,Plumbing
I want the planting beds covered to help retain moisture. I need help getting this sorted.,Gardening
The aircon stops cooling before the room reaches the set temperature,Air Conditioning Repair
The paint finish on my room wall is coming off in flakes,Painting
Could you arrange a repair? the roof sheet has lifted in the wind.,Roofing
The sofa has a broken wooden support,Carpentry
The cement floor is uneven,Masonry
The masonry beside the window opening is broken. Can I book someone for this job?,Masonry
The old dark wall colour shows through the new paint,Painting
The AC makes a rattling sound,Air Conditioning Repair
Please send someone to look at this. the roof tiles have slipped out of place.,Roofing
I want the planting beds covered to help retain moisture,Gardening
The refrigerator clicks repeatedly and does not stay running,Appliance Repair
The heating surface beneath the rice pot needs repair,Appliance Repair
"hello, the balcony needs a custom steel safety grille",Welding
All the taps have only a weak trickle of water. Please tell me when someone is available.,Plumbing
Could you arrange a repair? the metal handcart axle bracket is broken.,Welding
The rough masonry surface needs smoothing before new tiles,Masonry
I need someone to check this: the hedge is blocking the walkway.,Gardening
The trim along the floor needs a fresh glossy finish,Painting
The lamp holder has partly come away from the ceiling. Can someone take a look?,Electrical
The garage has no power because its supply wire is damaged,Electrical
The iron fence needs an extra section fabricated,Welding
"pls help, the flower bed needs new plants",Gardening
The repaired area needs blending into the existing paint,Painting
I need a service visit. the bathtub drain stopper is jammed.,Plumbing
The hedge needs shaping evenly,Gardening
The steel support under the garden bench has snapped,Welding
Please send someone to look at this. the small retaining wall needs rebuilding.,Masonry
The wooden window frames need painting,Painting
Can someone help? the AC temperature sensor seems faulty.,Air Conditioning Repair
"hello, the iron gate needs a new coat of paint",Painting
Who can sort this out? the hedge has grown too tall.,Gardening
Water gets under the roofing during windy storms. Please let me know if you can help.,Roofing
Nothing gets power from that wall socket. Can I book someone for this job?,Electrical
My food stays cold even though the microwave timer counts down. Who can help me with this?,Appliance Repair
Could you arrange a repair? the electric oven temperature control is faulty.,Appliance Repair
"need someone, the steel workbench support has snapped",Welding
A cement stair edge has broken away. Please tell me when someone is available.,Masonry
Water is escaping from the tank inlet line. Could someone visit and check it?,Plumbing
anyone available? the skylight leaks around its frame,Roofing
The AC technician identified a faulty internal control board,Air Conditioning Repair
Who can sort this out? the garden needs maintenance twice a month.,Gardening
I need the dead and overgrown stems cut off my roses. Please let me know if you can help.,Gardening
The worn panels covering the house need renewing. I would like someone to handle this.,Roofing
The dryer drum does not turn,Appliance Repair
anyone available? the roof vent seal is damaged,Roofing
The pipe feeding the water tank is cracked,Plumbing
The washing machine displays a fault code,Appliance Repair
Who can sort this out? the kitchen wall paint is greasy and discoloured.,Painting
"can u help, the bathroom floor neads a slope toward the drain",Masonry
Please send someone to look at this. the main water valve will not close.,Plumbing
The steel post needs rejoining to the mounting plate,Welding
I need someone to check this: the dryer drum does not turn.,Appliance Repair
Turning on that light immediately cuts off its circuit,Electrical
Looking for help with this. the roof waterproof coating is peeling.,Roofing
I can hear electrical crackling from the distribution panel,Electrical
The lamp holder has partly come away from the ceiling,Electrical
Water drips from the seam between gutter sections,Roofing
Please send someone to look at this. the iron railing has rusted through at one joint.,Welding
The microwave runs but does not heat,Appliance Repair
The steel doorway frame has separated at one joint,Welding
I cannot flush because the toilet lever has snapped. I need help getting this sorted.,Plumbing
I cannot control the stair light from both switches,Electrical
The seasonal plants in my flower bed have finished and need renewing,Gardening
Please send someone to look at this. the front door paint is chipped.,Painting
Turning the faucet knob does not release any water,Plumbing
"need someone, the ac compressor keeps clicking but will not start",Air Conditioning Repair
I need the bushes transplanted to a sunnier part of the garden. Please tell me when someone is available.,Gardening
The flower pots are crowded with seedlings,Gardening
The cement cover over the channel has cracked in half,Masonry
The opening in the brickwork needs filling with mortar,Masonry
"can u help, the plywood backing on my wardrobe is brokn",Carpentry
The path stones need lifting and laying level again. Could someone visit and check it?,Masonry
Can you help with this problem? the porch roof leaks where it meets the house.,Roofing
The door latch recess in the wood is damaged,Carpentry
The brace underneath the metal bench needs welding back on. I need help getting this sorted.,Welding
The metal storage rack needs its joints welded again. Please let me know if you can help.,Welding
The planting soil needs organic matter before I sow vegetables,Gardening
The hedge has grown too tall,Gardening
"can u help, the room corners were missed during painting",Painting
Water appears around the toilet pedestal after each flush. Can I book someone for this job?,Plumbing
The garden faucet broke where it joins the water pipe,Plumbing
The aircon mounting needs adjusting so condensate drains correctly. Can I book someone for this job?,Air Conditioning Repair
The gutter is overflowing during rain,Roofing
The painted doorway trim needs refreshing. Please tell me when someone is available.,Painting
The ceiling finish is patchy,Painting
The timber door frame has cracked,Carpentry
Water comes through the roof to wall connection,Roofing
The electrical distribution board smells like burnt plastic,Electrical
The concrete boundary post needs patching,Masonry
"pls help, the cupboard base has rotted after a leak",Carpentry
A thin split in the plaster finish needs repair. I need help getting this sorted.,Masonry
Can someone help? the wooden gate is sagging.,Carpentry
"hi, the bedroom wall piant is peeling",Painting
Water comes through the joint between two roofing panels,Roofing
The refrigerator clicks repeatedly and does not stay running. Can I book someone for this job?,Appliance Repair
"hi, the metel door frame has a cracked corner",Welding
Who can sort this out? the brickwork around the window is damaged.,Masonry
anyone available? the dryer drum does not turn,Appliance Repair
The mixer makes a noise without blending anything,Appliance Repair
The paint around the light switches is dirty,Painting
Water is escaping from the tank inlet line,Plumbing
I need another section of brick wall built along the property edge,Masonry
Several tiles move under my feet. Please let me know if you can help.,Masonry
"hello, the staircase walls are scuffed",Painting
"hi, my wooden cupboard door is brokn",Carpentry
"need help, the garden needs maintenance twice a month",Gardening
The metal flower pot stand is unstable,Welding
Looking for help with this. the lawn needs fresh turf in a damaged area.,Gardening
I want planting beds prepared for growing vegetables. Can someone take a look?,Gardening
The faceplate on my power point is broken,Electrical
"can u help, the underground supply pipe is leeking",Plumbing
Who can sort this out? the tank float valve is stuck.,Plumbing
The paint on the porch columns needs renewing,Painting
Chunks of wall plaster are coming away. Could someone visit and check it?,Masonry
The steel bracket supporting the cart axle has snapped,Welding
The fridge is not cooling,Appliance Repair
The tile roof has moss blocking the drainage channels,Roofing
The grounding connection has come loose in the electrical panel. Who can help me with this?,Electrical
The washbasin empties even with the stopper pushed down. Could someone visit and check it?,Plumbing
The plants need dividing and spacing further apart. Could someone visit and check it?,Gardening
My timber window sash gets stuck before it shuts. I need help getting this sorted.,Carpentry
The metal frame under the barbecue needs welding. Could someone visit and check it?,Welding
"pls help, the switchboard makes a crackling noise",Electrical
"hi, the fridge is not coolng",Appliance Repair
Water stays in the plant containers and the potting mix needs changing,Gardening
anyone available? the paving slabs have sunk,Masonry
I need someone to check this: the garden paths are covered with weeds.,Gardening
The AC compressor keeps clicking but will not start,Air Conditioning Repair
I need someone to check this: the garden needs clearing after months of neglect.,Gardening
The paint finish on my room wall is coming off in flakes. Can someone take a look?,Painting
The steel advertising frame has broken at the corner. I would like someone to handle this.,Welding
"hi, the cupboard doors need a colour change",Painting
I can hear electrical crackling from the distribution panel. Please tell me when someone is available.,Electrical
"hello, the hedge needs shaping evenly",Gardening
"need someone, the flush handle is broken",Plumbing
The fridge interior light is not working,Appliance Repair
Can you help with this problem? the electric iron does not heat.,Appliance Repair
The garden bamboo needs thinning and containing,Gardening
"need someone, the air conditioner has a failed capacitor",Air Conditioning Repair
"hi there, the kitchen mixer tap is loose",Plumbing
The boundary bushes need reducing to a manageable height,Gardening
"can u help, the garden neads preparation before planting seeds",Gardening
The metal roof is rattling in the wind,Roofing
Please send someone to look at this. the induction cooker shows an error with every pan.,Appliance Repair
"need someone, my water meter connection is leaking",Plumbing
A support on the steel tank platform has split,Welding
The potted plants need repotting,Gardening
The cement cover over the channel has cracked in half. Can I book someone for this job?,Masonry
The steel railing is loose where two pieces were joined,Welding
The kitchen outlet has stopped working,Electrical
My ceiling lights flicker when I lower the dimmer. Please tell me when someone is available.,Electrical
The concrete surface needs levelling. Please tell me when someone is available.,Masonry
The balcony railing weld has broken,Welding
"hi there, the lawn edges look untidy",Gardening
The AC indoor blower wheel is dirty,Air Conditioning Repair
My washbasin faucet leaks even when I close it tightly. Could someone visit and check it?,Plumbing
The outside lamp stays dark after replacing its bulb,Electrical
The wooden bedroom door scrapes the floor,Carpentry
"need someone, the clothes drying stand has a broken metal joint",Welding
Please send someone to look at this. the shower drain empties very slowly.,Plumbing
Rainwater cannot leave the flat rooftop through its outlet. Please tell me when someone is available.,Roofing
The lawn needs fresh turf in a damaged area,Gardening
The timber side of the baby bed has split. I would like someone to handle this.,Carpentry
"can u help, the roof flashing around the chimney is leeking",Roofing
The roof gutter has sagged in the middle,Roofing
The AC fan is not blowing air,Air Conditioning Repair
The roof eaves cover is loose,Roofing
The lightweight roofing over the storage shed is damaged,Roofing
The fence paint is peeling off,Painting
Can someone help? the backyard needs a vegetable garden started.,Gardening
Can someone help? the kitchen backsplash tiles are broken.,Masonry
"hello, the power outlet is loose in the wall",Electrical
"pls help, the ceiling paint is stained after an old leak was fixed",Painting
I need someone to check this: the patched wall does not match the surrounding colour.,Painting
The joints in the balcony flooring need regrouting,Masonry
There are areas in the grass where nothing grows. I would like someone to handle this.,Gardening
anyone available? the brick pillar has crumbled at the base,Masonry
The iron gate needs a new coat of paint,Painting
Rainwater cannot leave the flat rooftop through its outlet,Roofing
"hello, the bathroom floor tiles need replacement",Masonry
The tank float valve is stuck,Plumbing
The lightweight roofing over the storage shed is damaged. Can I book someone for this job?,Roofing
"need help, the wooden floorboard is loose",Carpentry
The handle needs rejoining to the steel trolley frame. Please tell me when someone is available.,Welding
The steel workbench support has snapped,Welding
I need a service visit. the small fruit tree needs shaping.,Gardening
anyone available? the bathroom tap will not stop dripping,Plumbing
Can someone help? the metal door frame has a cracked corner.,Welding
Ice is forming on the AC pipes,Air Conditioning Repair
The cabinet drawers do not line up,Carpentry
I want the young tree pruned to improve its form,Gardening
A support on the steel tank platform has split. Please tell me when someone is available.,Welding
Please send someone to look at this. the newly plastered room needs its first paint coat.,Painting
Who can sort this out? the kitchen outlet has stopped working.,Electrical
"pls help, the vegetable plants need support stakes",Gardening
Who can sort this out? the wall mounted wooden shelf has split.,Carpentry
The rainwater downpipe is detached from the gutter,Roofing
The room light stays on whatever position the switch is in,Electrical
"hi there, the garden swing frame has a crack",Welding
"need someone, the window security grille has a broken bar",Welding
The cement lip of the veranda needs patching. Could someone visit and check it?,Masonry
"can u help, the balcony railing weld has brokn",Welding
The toilet cistern takes ages to refill,Plumbing
"hello, the balcony ceiling paint is flaking",Painting
"pls help, the cement floor is uneven",Masonry
"can u help, the shower mixer only supplies hot watter",Plumbing
A piece of decorative masonry cladding has fallen off. Could someone visit and check it?,Masonry
"can u help, the bathroom tile grout is missing",Masonry
The feature wall needs a different shade,Painting
Please send someone to look at this. the microwave runs but does not heat.,Appliance Repair
The bathroom light gives a buzzing sound,Electrical
Looking for help with this. the air conditioner circuit board has failed.,Air Conditioning Repair
My timber entrance door gets stuck in its frame,Carpentry
Brown scorch marks have appeared on the power point. Who can help me with this?,Electrical
"hi, the concrete drain channel is cracked",Masonry
The bulb holder is scorched,Electrical
Looking for help with this. the shower head is blocked with limescale.,Plumbing
The electric iron does not heat,Appliance Repair
I need someone to check this: my outdoor tap has snapped off.,Plumbing
Can you help with this problem? the garden bed needs compost mixed in.,Gardening
The socket moves when I insert a plug,Electrical
The roof needs damaged shingles replaced,Roofing
The kitchen sink waste fitting is leaking,Plumbing
"pls help, the wooden stair tread is loose",Carpentry
"pls help, the washing machine will not spin",Appliance Repair
"hi, the ac temperature sensor seems faulty",Air Conditioning Repair
The steel piece holding the gate catch needs welding. Could someone visit and check it?,Welding
The bathroom tap handle spins without opening,Plumbing
"hi, the front woodn door has swollen shut",Carpentry
Could you arrange a repair? there is a leak in the shower hose.,Plumbing
I need a service visit. the socket cover is cracked.,Electrical
I want new grass laid where the old lawn died,Gardening
The gate stop has broken off,Welding
Who can sort this out? the creeper needs a support trellis.,Gardening
The ceiling light fitting is hanging loose,Electrical
The overhead water tank is overflowing,Plumbing
I need a service visit. the window security grille has a broken bar.,Welding
Water appears around the toilet pedestal after each flush,Plumbing
My air conditioner is noisy while it runs. Please tell me when someone is available.,Air Conditioning Repair
The backyard needs a small concrete slab,Masonry
The plants need fertiliser applied,Gardening
The metal handrail has a split at its corner joint,Welding
"hi, the gardn lights keep tripping their breaker",Electrical
Can someone help? the climbing plant is covering the window.,Gardening
The dishes come out with food still stuck on them,Appliance Repair
The AC will not respond to the remote,Air Conditioning Repair
The safety breaker does nothing when its test button is pressed,Electrical
Please send someone to look at this. the washing machine fills continuously.,Appliance Repair
"hi there, the balcony tile grout has cracked",Masonry
"can u help, the ac swing motor is brokn",Air Conditioning Repair
"hello, the iron fence post has separated from its baseplate",Welding
"pls help, the roof sheet has lifted in the wind",Roofing
I need an additional wall outlet installed near my desk,Electrical
I cannot enter a cooking time on the microwave keypad,Appliance Repair
The air conditioner handset has stopped showing anything. Could someone visit and check it?,Air Conditioning Repair
The water tank does not stop filling when it is full,Plumbing
The air conditioner is leaking refrigerant,Air Conditioning Repair
The AC outdoor unit is not running,Air Conditioning Repair
"hi there, the wardrobe shelf has collapsed",Carpentry
Can you help with this problem? the sewer pipe is blocked outside.,Plumbing
The paving slabs have sunk,Masonry
The kitchen sink is blocked,Plumbing
I need someone to check this: the wooden window frames need painting.,Painting
I need the unwanted growth removed around the vegetables,Gardening
The balcony needs a custom steel safety grille,Welding
The wooden stair tread is loose,Carpentry
The outside condenser stays off when cooling is selected. I would like someone to handle this.,Air Conditioning Repair
"hi there, the rcd test button does not trip the switch",Electrical
"hi, the steel gate neads welding",Welding
I need ceramic tiles installed on the laundry floor. Can I book someone for this job?,Masonry
anyone available? the pipe feeding the water tank is cracked,Plumbing
The marked patches on the wall need touching up,Painting
Please send someone to look at this. the garden shrubs have dead branches.,Gardening
The tiled floor must be relaid so water runs to the outlet,Masonry
"hi there, the floor tiles are loose",Masonry
"need help, the steel canopy bracket has snapped",Welding
Please send someone to look at this. the fridge interior light is not working.,Appliance Repair
The timer switch for the outdoor lights is stuck,Electrical
The coating on our boundary fence is flaking. Please tell me when someone is available.,Painting
The hedge is blocking the walkway,Gardening
Can someone help? the metal flower pot stand is unstable.,Welding
Please send someone to look at this. the air conditioner needs routine servicing.,Air Conditioning Repair
"hi, the bathroom basin pipe has come loos",Plumbing
The wooden bed frame creaks and moves,Carpentry
"need someone, the steel rack needs a reinforcing brace",Welding
The bathroom tile grout is missing,Masonry
Who can sort this out? the AC indoor unit is not level and leaks from one corner.,Air Conditioning Repair
"pls help, the ac outdoor unit vibrates heavily",Air Conditioning Repair
Looking for help with this. the wall has a hole left by an old pipe.,Masonry
The microwave buttons do not respond,Appliance Repair
The roof vent seal is damaged,Roofing
anyone available? the electrical meter box cover is broken,Electrical
"hi, the blender motor runs but the blades do not turn",Appliance Repair
The security light stays on because its sensor is faulty,Electrical
Plants are growing between the stepping stones and need removing. Could someone visit and check it?,Gardening
The air conditioner condensate pump is not removing water,Air Conditioning Repair
The painted walls along the stairs are covered in scrape marks. I would like someone to handle this.,Painting
Water gets in where the two roof slopes meet. Can someone take a look?,Roofing
The fixed electrical cables throughout the house are worn out. I need help getting this sorted.,Electrical
The cupboard handle screws no longer grip the wood,Carpentry
The catch will not hold because the timber around it is broken,Carpentry
The seasonal plants in my flower bed have finished and need renewing. I need help getting this sorted.,Gardening
"hi, the brick boundary wall has a crack",Masonry
"hi, the air conditioner restarts with the wrong settings",Air Conditioning Repair
The steel canopy bracket has snapped,Welding
The timber door will not clear the raised floor surface. I need help getting this sorted.,Carpentry
"need help, the metal shutter needs repainting",Painting
I need tiles laid over the front concrete staircase,Masonry
The panel underneath the roof overhang is hanging down,Roofing
anyone available? the two way staircase switches do not work correctly,Electrical
Can someone help? water is leaking from the kitchen pipe.,Plumbing
The timber table needs a new clear protective coat,Painting
"need help, the sofa has a broken wooden support",Carpentry
Looking for help with this. the floor tiles are loose.,Masonry
I need an additional wall outlet installed near my desk. I would like someone to handle this.,Electrical
"can u help, the woodn bed frame creaks and moves",Carpentry
I want a fresh colour on the lounge walls. Could someone visit and check it?,Painting
"hello, the ceiling has smoke stains",Painting
Can someone help? the porch light will not come on.,Electrical
Water keeps spilling out of the storage tank,Plumbing
The fridge compressor keeps starting and stopping,Appliance Repair
Several shingles have curled up and broken off. Could someone visit and check it?,Roofing
The wooden handrail is loose,Carpentry
"pls help, the electric oven temperature control is faulty",Appliance Repair
The bathroom pipe makes a bang when I close the tap,Plumbing
The wall has a hole left by an old pipe,Masonry
Can someone help? the toaster lever will not stay down.,Appliance Repair
"hi, the ac blows cold air only on one side",Air Conditioning Repair
Can you help with this problem? the wooden bookshelf is leaning.,Carpentry
anyone available? the wall switch will not turn the light off,Electrical
Our timber garden gate hangs low and catches the ground. Can someone take a look?,Carpentry
The cement lip of the veranda needs patching,Masonry
The tiles behind the counter need replacing,Masonry
"need help, the outdoor socket fills with rainwater",Electrical
Can someone help? the metal rubbish bin stand is broken.,Welding
Thick frost keeps building up in the freezer compartment. Could someone visit and check it?,Appliance Repair
The tube light struggles to start and glows at the edge. Please let me know if you can help.,Electrical
The equipment support frame has split along a weld. Please tell me when someone is available.,Welding
I need a service visit. the low boundary wall needs extending.,Masonry
Who can sort this out? the bidet spray trigger is leaking.,Plumbing
The concrete surface needs levelling,Masonry
The brickwork around the window is damaged,Masonry
Who can sort this out? the gutter bracket has broken.,Roofing
The electric iron leaks water onto clothes,Appliance Repair
The bedroom ceiling drips whenever it rains,Roofing
The AC condenser fins are clogged,Air Conditioning Repair
Chunks of wall plaster are coming away,Masonry
The kitchen mixer tap is loose,Plumbing
Looking for help with this. the wardrobe shelf has collapsed.,Carpentry
The microwave turntable is not rotating,Appliance Repair
Water drips from the seam between gutter sections. I need help getting this sorted.,Roofing
"hi, the attic hatch timber frame is brokn",Carpentry
anyone available? the vegetable patch is full of weeds,Gardening
Can someone help? the flexible hose under the basin has burst.,Plumbing
The outdoor air conditioner coil is packed with dirt. Who can help me with this?,Air Conditioning Repair
An error message appears on the washer control panel,Appliance Repair
anyone available? the air conditioner keeps switching between hot and cold,Air Conditioning Repair
The steel railing is loose where two pieces were joined. Who can help me with this?,Welding
The gate latch bracket has broken,Welding
"hello, the toilet is overflowing when flushed",Plumbing
A metal roofing panel has come loose after the storm,Roofing
The handle falls off because the holes in the cabinet door are worn,Carpentry
The steel storage cage has a damaged joint,Welding
The aircon takes much longer to cool the room,Air Conditioning Repair
"pls help, the dimmer makes the lights pulse",Electrical
"pls help, there is a leak at a water pipe joint",Plumbing
The roof gutter has a leaking joint,Roofing
"need someone, the ac drain pump has stopped working",Air Conditioning Repair
The masonry stand beneath the outdoor grill needs rebuilding. I would like someone to handle this.,Masonry
The plastic cover on the aircon rattles against the unit,Air Conditioning Repair
The rain channel along the eaves needs clearing,Roofing
The air conditioner smells musty,Air Conditioning Repair
The floor tiles are loose,Masonry
Who can sort this out? the AC makes a whistling noise.,Air Conditioning Repair
The concrete floor needs floor paint,Painting
The cement fence post is chipped,Masonry
The switchboard makes a crackling noise,Electrical
"hello, the fridge is leaking onto the kitchen floor",Appliance Repair
I need a service visit. my water meter connection is leaking.,Plumbing
"need someone, the air conditioner smells musty",Air Conditioning Repair
The AC keeps running after the set temperature is reached,Air Conditioning Repair
The worn panels covering the house need renewing,Roofing
The wooden floorboard is loose,Carpentry
The lawn is overgrown,Gardening
A steel rod has detached from our drying rack. I need help getting this sorted.,Welding
Could you arrange a repair? the roof fascia beside the gutter is damaged.,Roofing
The AC pipe insulation has split,Air Conditioning Repair
The wooden trunk lid has detached from its hinge points,Carpentry
The wooden furniture finish needs varnishing,Painting
One leg on my wooden chair wobbles badly. Please tell me when someone is available.,Carpentry
The metal shelving frame needs another support bar welded across it,Welding
Growth between the roof tiles needs clearing,Roofing
The electrician identified a disconnected neutral wire for the lights,Electrical
The masonry beside the window opening is broken,Masonry
Can someone help? rainwater comes through the roof above the bedroom.,Roofing
Who can sort this out? the food processor lid switch is faulty.,Appliance Repair
The board supporting the roof gutter needs replacement. Please tell me when someone is available.,Roofing
Who can sort this out? there is a leak at the base of the toilet.,Plumbing
The garden needs maintenance twice a month,Gardening
"hello, the garden bed needs compost mixed in",Gardening
"can u help, the boundary wall neads repainting after repairs",Painting
The dining chair has a loose wooden leg,Carpentry
One side of the oven burns food while the other stays undercooked. I would like someone to handle this.,Appliance Repair
"hello, the outside pillars need a fresh finish",Painting
"can u help, the carport roof has a damaged translucent sheet",Roofing
The metal ladder has a broken rung,Welding
The timber joints of my bed are loose,Carpentry
A section of roof gutter is hanging away from the fascia,Roofing
"need help, the fridge compressor keeps starting and stopping",Appliance Repair
The brick pillar has crumbled at the base,Masonry
Can you help with this problem? the toilet seat bolts are loose.,Plumbing
There are areas in the grass where nothing grows,Gardening
The enclosure around our electricity meter will not close. Could someone visit and check it?,Electrical
I need the replacement light fixture wired into the ceiling point,Electrical
The kettle keeps heating once the water has boiled,Appliance Repair
Looking for help with this. the air conditioner evaporator coil is very dirty.,Air Conditioning Repair
The coating above the balcony is peeling away. I would like someone to handle this.,Painting
There are unpainted edges beside the ceiling,Painting
The solid timber counter is no longer flat. Who can help me with this?,Carpentry
I need someone to check this: the roof vent seal is damaged.,Roofing
The metal water tank stand is cracked,Welding
"hi, the small tree branches hang over the driveway",Gardening
"need help, the wall mounted wooden shelf has split",Carpentry
Air keeps sputtering out of the taps,Plumbing
"hi, the porch light will not come on",Electrical
Rainwater pours from the open end of the gutter,Roofing
Could you arrange a repair? the wooden stair tread is loose.,Carpentry
Can you help with this problem? the iron gate frame is bent and split.,Welding
The thin wooden surface on the table is peeling away,Carpentry
Can you help with this problem? the AC copper connection is leaking.,Air Conditioning Repair
"hi there, the toilet cistern has a crack",Plumbing
"pls help, the metal handcart axle bracket is broken",Welding
The garden soil is too hard for planting,Gardening
The covering along the roof peak is broken. Can I book someone for this job?,Roofing
I need a service visit. the roof gutter end cap has fallen off.,Roofing
The roof sheet has lifted in the wind,Roofing
"need help, the garage roof leaks at the sheet overlap",Roofing
Please send someone to look at this. the brick partition needs a small opening closed.,Masonry
Could you arrange a repair? the washing machine shakes violently.,Appliance Repair
Water collects around my feet when I take a shower,Plumbing
The grass in our yard needs cutting,Gardening
"hello, the wooden cot side rail is cracked",Carpentry
I want the cabinets painted to match the kitchen,Painting
The children's drawings need covering with fresh paint,Painting
The metal trolley handle has come off,Welding
The glass plate inside the microwave stays still,Appliance Repair
"need help, the brickwork around the window is damaged",Masonry
Flushing makes the water rise over the toilet rim,Plumbing
The same electrical fuse burns out repeatedly,Electrical
The metal corner of the bed has separated. Please let me know if you can help.,Welding
The washing machine fills continuously,Appliance Repair
I need a service visit. the steel workbench support has snapped.,Welding
Can someone help? the front wooden door has swollen shut.,Carpentry
The skirting boards need gloss paint,Painting
"can u help, the ac coolng is weaker than before",Air Conditioning Repair
Could you arrange a repair? the metal chair frame has cracked.,Welding
The aircon leaks onto the wall below it. Could someone visit and check it?,Air Conditioning Repair
The metal trim along the roof perimeter is missing. I need help getting this sorted.,Roofing
The flower bed needs new plants,Gardening
"hi, the climbing plant is covering the window",Gardening
I need a service visit. the wooden window will not close properly.,Carpentry
Water has got inside the exterior power outlet. Can I book someone for this job?,Electrical
The patched wall does not match the surrounding colour,Painting
Could you arrange a repair? the dining chair has a loose wooden leg.,Carpentry
My air conditioner is noisy while it runs,Air Conditioning Repair
The fixed electrical cable supplying the shed has split insulation,Electrical
The iron fence post has separated from its baseplate,Welding
"need help, the timber door frame has cracked",Carpentry
"hello, the ac louvre is stuck",Air Conditioning Repair
The AC drain pipe is blocked,Air Conditioning Repair
The fluorescent fitting only lights at one end,Electrical
The patched outside wall needs its colour restored. Who can help me with this?,Painting
I need a service visit. the wall plaster has a long hairline crack.,Masonry
My vacuum runs but barely picks up dust. Who can help me with this?,Appliance Repair
The metal cage frame needs broken bars welded back,Welding
anyone available? the iron fence has a snapped bar,Welding
"need someone, the extension wiring in the shed is damaged",Electrical
The repaired leak left marks that need covering with paint,Painting
anyone available? the basin pop up plug will not seal,Plumbing
I need the soil raked and the seed beds prepared,Gardening
The glass plate inside the microwave stays still. Could someone visit and check it?,Appliance Repair
"can u help, the roof tiles have slipped out of place",Roofing
The timber window surrounds need a fresh painted finish,Painting
I need a service visit. the hallway light switch gives a small shock.,Electrical
The door frame paint has yellowed,Painting
I need a service visit. the floor drain in the bathroom is clogged.,Plumbing
The roof fascia beside the gutter is damaged,Roofing
The socket cover is cracked,Electrical
"hi, the rice cooker inner heating plate is damaged",Appliance Repair
The tiled roof has cracked pieces that need replacing. Could someone visit and check it?,Roofing
The garden shrubs have dead branches,Gardening
Can someone help? the wall socket is sparking.,Electrical
Water comes through the joint between two roofing panels. Can I book someone for this job?,Roofing
The painted finish on the entrance door is flaking. Who can help me with this?,Painting
The garden needs mulch around the plants,Gardening
A joint on my metal gate has broken apart. Can someone take a look?,Welding
The iron staircase railing has cracked,Welding
The blender jar leaks at the blade seal,Appliance Repair
Who can sort this out? the AC filter is clogged with dust.,Air Conditioning Repair
The waterproof lining beneath the roof tiles is damaged,Roofing
The yard is overgrown with weeds and tangled plants,Gardening
"need help, the kitchen outlet has stopped working",Electrical
The metal stopper needs welding back onto the gate frame. Who can help me with this?,Welding
I need a service visit. the overhead water tank is overflowing.,Plumbing
The stone boundary wall needs repointing,Masonry
I want the young tree pruned to improve its form. I need help getting this sorted.,Gardening
The wooden door needs trimming after new flooring,Carpentry
"need someone, the cabinet drawers do not line up",Carpentry
Water is spraying from a broken water pipe inside the wall,Plumbing
The timber shelf board has cracked near its support,Carpentry
Can someone help? the new timber door needs primer and paint.,Painting
The bottom of the masonry column is breaking apart. Could someone visit and check it?,Masonry
Can you help with this problem? the AC only works in fan mode.,Air Conditioning Repair
The bathroom tap will not stop dripping,Plumbing
The garden lights keep tripping their breaker,Electrical
Water stays on the bathroom floor instead of draining away. I need help getting this sorted.,Plumbing
The water heater wall isolator is burnt,Electrical
The timber boards on our bench have split,Carpentry
Switching on the pathway lighting cuts that circuit,Electrical
The washbasin empties even with the stopper pushed down,Plumbing
The electric oven temperature control is faulty,Appliance Repair
The soil in my pots drains poorly,Gardening
The drawer runners in my wooden desk are jammed,Carpentry
I see sparks coming out of the power outlet. Can someone take a look?,Electrical
The wall valve feeding the washer drips even with the machine off. Can someone take a look?,Plumbing
Looking for help with this. the dryer runs without drying clothes.,Appliance Repair
The balcony rail needs rust preparation and protective paint. Can I book someone for this job?,Painting
One of the metal fence rods needs joining back on. Could someone visit and check it?,Welding
The clear roofing panel over the parking area has cracked. Who can help me with this?,Roofing
Can someone help? the office walls need a neutral colour.,Painting
Please send someone to look at this. the AC cooling is weaker than before.,Air Conditioning Repair
Please send someone to look at this. the plywood backing on my wardrobe is broken.,Carpentry
Could you arrange a repair? the fence paint is peeling off.,Painting
Can someone help? the ceiling light fitting is hanging loose.,Electrical
Looking for help with this. the dishwasher leaves plates dirty.,Appliance Repair
"pls help, the kitchen sink waste fitting is leaking",Plumbing
The roof tiles have slipped out of place,Roofing
The oven door seal has come loose,Appliance Repair
The extension wiring in the shed is damaged,Electrical
"hello, the toilet seat bolts are loose",Plumbing
Water stays on the bathroom floor instead of draining away,Plumbing
I need someone to check this: the cement plaster is falling off.,Masonry
The front door paint is chipped,Painting
The coupling between two water pipes keeps dripping. Please tell me when someone is available.,Plumbing
The faceplate on my power point is broken. I need help getting this sorted.,Electrical
The previous paint job left runs that need smoothing and repainting. Please let me know if you can help.,Painting
Who can sort this out? the sofa has a broken wooden support.,Carpentry
The toilet seat bolts are loose,Plumbing
Looking for help with this. the dining room light trips the breaker.,Electrical
Dirty water stays at the bottom of the dishwashing machine,Appliance Repair
Please send someone to look at this. the house exterior needs weatherproof paint.,Painting
The room corners were missed during painting,Painting
I need the unfinished wooden door painted,Painting
Please send someone to look at this. the table legs are uneven.,Carpentry
I need someone to check this: the stone facing has detached from the wall.,Masonry
I need a service visit. the toaster only heats one side.,Appliance Repair
The masonry border around the planting bed is falling apart,Masonry
The air conditioner blows warm air instead of cold,Air Conditioning Repair
The timber shelf board has cracked near its support. Can I book someone for this job?,Carpentry
I cannot lift the plug to empty the bath,Plumbing
"need help, the dry leaves on the ornamental plants need removing",Gardening
The wooden surround of the loft opening has split,Carpentry
"hi there, the fuse blows whenever that circuit is switched on",Electrical
Flushing makes the water rise over the toilet rim. I would like someone to handle this.,Plumbing
The refrigerator stays dark when I open the door,Appliance Repair
My vacuum runs but barely picks up dust,Appliance Repair
"hi there, the metal shutter guide bracket has broken",Welding
The wooden bookshelf is leaning,Carpentry
One of the metal fence rods needs joining back on,Welding
Who can sort this out? the ceiling junction box has loose wires.,Electrical
The bedroom light keeps flickering,Electrical
"hi there, the wooden window sill needs replacement",Carpentry
"need someone, the wall plaster has a long hairline crack",Masonry
Can you help with this problem? the fridge is leaking onto the kitchen floor.,Appliance Repair
I need the walls refreshed after the previous occupants moved out,Painting
My timber entrance door gets stuck in its frame. Can someone take a look?,Carpentry
The outdoor air conditioner coil is packed with dirt,Air Conditioning Repair
"hi there, the dining room light trips the breaker",Electrical
"hi, the cieling light fitting is hanging loose",Electrical
"hello, the soil in my pots drains poorly",Gardening
"need someone, the timer switch for the outdoor lights is stuck",Electrical
Looking for help with this. the wall behind removed tiles needs replastering.,Masonry
I need a service visit. the cabinet drawers do not line up.,Carpentry
I need a service visit. the electric kettle leaks from its base.,Appliance Repair
The cement ledge below the window is chipped badly. I need help getting this sorted.,Masonry
"need someone, the door latch recess in the wood is damaged",Carpentry
Water comes through the closed hatch on the rooftop. Can I book someone for this job?,Roofing
"hi there, the air conditioner shows an error code",Air Conditioning Repair
The cooling unit tries to start and then stops with a click. I need help getting this sorted.,Air Conditioning Repair
I want the bathroom walls repainted with a suitable finish,Painting
I need someone to care for my plants during my trip. Who can help me with this?,Gardening
"hi, the lawn is overgrown",Gardening
The AC is running but not cooling,Air Conditioning Repair
"need someone, the cement fence post is chipped",Masonry
Can you help with this problem? the metal gate hinge has snapped off.,Welding
The handle falls off because the holes in the cabinet door are worn. Please let me know if you can help.,Carpentry
The aircon copper line is frosting up. Can someone take a look?,Air Conditioning Repair
One timber step moves when I stand on it. Please tell me when someone is available.,Carpentry
Can someone help? the steel gate needs welding.,Welding
My water meter connection is leaking,Plumbing
There is a leak at the base of the toilet,Plumbing
Who can sort this out? the paint around the light switches is dirty.,Painting
The cement plaster is falling off,Masonry
The wall has dried paint drips,Painting
Could you arrange a repair? the wooden bench has a damaged seat.,Carpentry
Water escapes from the bottom of my kettle. I need help getting this sorted.,Appliance Repair
I need someone to check this: the dishwasher does not drain.,Appliance Repair
"pls help, the wooden bench has a damaged seat",Carpentry
Who can sort this out? the shed roof panels are cracked.,Roofing
The lighting timer no longer follows the set schedule,Electrical
I need tiles laid over the front concrete staircase. Please let me know if you can help.,Masonry
The shower drain empties very slowly,Plumbing
The wooden partition panel has come loose,Carpentry
Could you arrange a repair? the cupboard base has rotted after a leak.,Carpentry
Looking for help with this. the garden swing frame has a crack.,Welding
anyone available? the storage chest lid has broken hinges,Carpentry
The metal frame under the barbecue needs welding,Welding
"need someone, the kitchen cabinet hinge has pulled out of the wood",Carpentry
I want a new paint colour over the existing textured finish. Can I book someone for this job?,Painting
"hello, the ac outdoor unit is not running",Air Conditioning Repair
The iron gate frame is bent and split,Welding
anyone available? the roof needs damaged shingles replaced,Roofing
Only a few holes in the shower spray are working. Please let me know if you can help.,Plumbing
"hi, ice is forming on the ac pipes",Air Conditioning Repair
"hi there, the rose bush needs pruning",Gardening
My electric kettle does nothing when I press its switch. I need help getting this sorted.,Appliance Repair
The aircon cannot maintain steady cooling. Could someone visit and check it?,Air Conditioning Repair
I want the workspace repainted in a plain light shade. Can someone take a look?,Painting
The rice cooker stops before the rice is cooked,Appliance Repair
Looking for help with this. the toilet cistern has a crack.,Plumbing
Please send someone to look at this. the wooden kitchen worktop has warped.,Carpentry
The metal bench leg is broken,Welding
"hello, the wooden shoe rack has broken",Carpentry
The indoor air conditioner turns on but no air comes out. Could someone visit and check it?,Air Conditioning Repair
The AC louvre is stuck,Air Conditioning Repair
The rental room needs repainting before new tenants arrive,Painting
The air conditioner shows an error code,Air Conditioning Repair
The catch will not hold because the timber around it is broken. I need help getting this sorted.,Carpentry
I want the damaged ceramic flooring taken up and relaid. I would like someone to handle this.,Masonry
Can someone help? the AC blows cold air only on one side.,Air Conditioning Repair
The paint film has blistered on the bedroom wall,Painting
"hi there, the roof leaks only when wind drives rain sideways",Roofing
The patched outside wall needs its colour restored,Painting
"need help, the garden has a pile of fallen leaves",Gardening
I need someone to check this: the wooden furniture finish needs varnishing.,Painting
Several rooms have lost power while the others still work,Electrical
A split has opened between the bricks in our outside wall. Can someone take a look?,Masonry
Can you help with this problem? the AC louvre is stuck.,Air Conditioning Repair
The toilet is overflowing when flushed,Plumbing
The steel swing support has split at a weld. Please let me know if you can help.,Welding
I cannot enter a cooking time on the microwave keypad. I need help getting this sorted.,Appliance Repair
There is an open gap between the roof and the side wall. I need help getting this sorted.,Roofing
Please send someone to look at this. the flower pots are crowded with seedlings.,Gardening
The yard needs tidying after small branches came down,Gardening
The concrete slope at the entrance needs repair,Masonry
A steel step has detached from the ladder side,Welding
"hi, the toilet cistern takes ages to refill",Plumbing
"need help, the broken concrete drain cover needs replacing",Masonry
"hi, the metel roof is rattling in the wind",Roofing
Looking for help with this. the steel bed frame has a broken joint.,Welding
My room light flashes on and off even with a new bulb. Could someone visit and check it?,Electrical
The roof joint beside the chimney is no longer watertight,Roofing
The bidet spray trigger is leaking,Plumbing
The bottom of my timber door drags whenever I open it,Carpentry
Could you arrange a repair? the ceiling paint is stained after an old leak was fixed.,Painting
The metal cage frame needs broken bars welded back. Could someone visit and check it?,Welding
The aircon takes much longer to cool the room. Who can help me with this?,Air Conditioning Repair
Could you arrange a repair? the roof drain on the terrace is blocked.,Roofing
Could you arrange a repair? water pressure at every tap is very low.,Plumbing
Only the bottom side of my sandwich press gets hot. I would like someone to handle this.,Appliance Repair
The washer jumps around during the spin cycle. Please tell me when someone is available.,Appliance Repair
Who can sort this out? the steel table leg has come off.,Welding
The RCD test button does not trip the switch,Electrical
"need help, the utility room needs new floor tiles",Masonry
I need the replacement light fixture wired into the ceiling point. Who can help me with this?,Electrical
The gate wheel mounting plate has cracked,Welding
"hi, the wooden handrail is loos",Carpentry
Can someone help? the air conditioner restarts with the wrong settings.,Air Conditioning Repair
There is a long crack across the wooden tabletop,Carpentry
The aircon condensate line is not letting water out. Please tell me when someone is available.,Air Conditioning Repair
Weeds are taking over the flower bed,Gardening
Who can sort this out? the AC timer does not work.,Air Conditioning Repair
The same electrical fuse burns out repeatedly. Please let me know if you can help.,Electrical
Could you arrange a repair? the blender jar leaks at the blade seal.,Appliance Repair
The condenser fan blades stay still while the unit hums. Can I book someone for this job?,Air Conditioning Repair
The waste pipe has fallen off underneath the washbasin,Plumbing
The rubber gasket on the fridge does not close tightly. Could someone visit and check it?,Appliance Repair
The bushes along the boundary have an uneven outline. I would like someone to handle this.,Gardening
I cannot shut off the water supply using the stopcock. Who can help me with this?,Plumbing
Can someone help? the toilet cistern takes ages to refill.,Plumbing
"hello, the washing machine detergent drawer leaks",Appliance Repair
"hi there, the skirting board has come away from the wall",Carpentry
The rubber gasket on the fridge does not close tightly,Appliance Repair
The toilet seat slides sideways whenever someone sits down,Plumbing
Looking for help with this. the old roof underlay is torn.,Roofing
The panel underneath the roof overhang is hanging down. Could someone visit and check it?,Roofing
The washing machine shakes violently,Appliance Repair
"can u help, the induction cooker shows an error with every pan",Appliance Repair
The timber frame underneath our couch has cracked,Carpentry
The bare plaster walls are ready for painting. Who can help me with this?,Painting
The planting soil needs organic matter before I sow vegetables. I would like someone to handle this.,Gardening
The board supporting the roof gutter needs replacement,Roofing
The handle needs rejoining to the steel trolley frame,Welding
"hello, the iron gate frame is bent and split",Welding
"hello, the ridge tiles have come loose",Roofing
"hi there, the roof waterproof coating is peeling",Roofing
The clothes drying stand has a broken metal joint,Welding
The indoor cooling coil needs a proper service clean. Please let me know if you can help.,Air Conditioning Repair
Could you arrange a repair? the wood veneer on my desk is lifting.,Carpentry
"need help, the ac makes a whistling noise",Air Conditioning Repair
Could you arrange a repair? the switchboard makes a crackling noise.,Electrical
The balcony ceiling paint is flaking,Painting
Who can sort this out? the outdoor socket fills with rainwater.,Electrical
The low branches need pruning away from the parking space. Can someone take a look?,Gardening
Water drips around the drain fitting underneath the sink,Plumbing
Can someone help? the rice cooker inner heating plate is damaged.,Appliance Repair
The broken concrete drain cover needs replacing,Masonry
Could you arrange a repair? the AC makes a rattling sound.,Air Conditioning Repair
I want a fresh colour on the lounge walls,Painting
The shower head is blocked with limescale,Plumbing
The vegetable plants need support stakes,Gardening
Can someone help? the washing machine door will not unlock.,Appliance Repair
Who can sort this out? the metal shutter needs repainting.,Painting
"can u help, the roof sheet around the water pipe is leeking",Roofing
The metal gate finish is worn and needs repainting. I would like someone to handle this.,Painting
The steel support under the wheelbarrow tray has snapped. Could someone visit and check it?,Welding
The steel ladder mounting joint needs welding repair,Welding
"hi there, the shower head is blocked with limescale",Plumbing
Water gets in where the two roof slopes meet,Roofing
Could you arrange a repair? the wall paint has bubbles.,Painting
A timber board in the floor lifts when stepped on. Can I book someone for this job?,Carpentry
Can someone help? the small tree branches hang over the driveway.,Gardening
"need help, the decorative wall texture needs repainting",Painting
"need someone, the roof gutter has a leaking joint",Roofing
The AC filter is clogged with dust,Air Conditioning Repair
The narrow tiles along the bottom of the wall need refixing. Can I book someone for this job?,Masonry
Food stays warm inside my refrigerator. Can someone take a look?,Appliance Repair
The garden plants need tidying and dead foliage cut away,Gardening
The steel ladder mounting joint needs welding repair. Can I book someone for this job?,Welding
The old roofing sheets need replacement,Roofing
The metal rubbish bin stand is broken,Welding
Could you arrange a repair? the toilet keeps running after flushing.,Plumbing
The waterproof layer on the roof has a split,Roofing
"hi there, the gate lock box has detached",Welding
"hi there, the wall behind removed tiles needs replastering",Masonry
The bathroom basin pipe has come loose,Plumbing
The chimney flashing needs resealing,Roofing
Who can sort this out? the metal roof access ladder bracket has cracked.,Welding
The newly plastered room needs its first paint coat,Painting
The timber joints of my bed are loose. Who can help me with this?,Carpentry
I need someone to check this: the pipe feeding the water tank is cracked.,Plumbing
The coating on our boundary fence is flaking,Painting
"need someone, the concrete floor needs floor paint",Painting
The cement ledge below the window is chipped badly,Masonry
Who can sort this out? the steel canopy bracket has snapped.,Welding
"need someone, the wall has roller marks from the last paint job",Painting
anyone available? the wooden window frames need painting,Painting
Loose roofing sheets make a loud noise during gusts,Roofing
anyone available? the garden paths are covered with weeds,Gardening
I need a service visit. the extension wiring in the shed is damaged.,Electrical
"can u help, the iron fence neads an extra section fabricated",Welding
The wooden drawer fronts are sitting crooked. I need help getting this sorted.,Carpentry
The socket moves when I insert a plug. I would like someone to handle this.,Electrical
Who can sort this out? the garden has a pile of fallen leaves.,Gardening
The basin pop up plug will not seal,Plumbing
The joints between the wall stones need fresh mortar,Masonry
"pls help, the metal water tank stand is cracked",Welding
I need someone to check this: the wheelbarrow frame is broken.,Welding
A timber board in the floor lifts when stepped on,Carpentry
The wooden gate is sagging,Carpentry
The wooden cot side rail is cracked,Carpentry
The toilet hand shower drips when nobody is using it. Can I book someone for this job?,Plumbing
The house exterior needs weatherproof paint,Painting
Can someone help? the attic hatch timber frame is broken.,Carpentry
anyone available? the bed slats have snapped,Carpentry
The aircon stops cooling before the room reaches the set temperature. Can someone take a look?,Air Conditioning Repair
I need a service visit. the rental room needs repainting before new tenants arrive.,Painting
Can you help with this problem? the bathroom floor tiles need replacement.,Masonry
I need someone to check this: the wooden partition panel has come loose.,Carpentry
The wooden wardrobe panel will not slide along its runner,Carpentry
The wood veneer on my desk is lifting,Carpentry
I want the workspace repainted in a plain light shade,Painting
Could you arrange a repair? the wall paint rubs off like powder.,Painting
The electrical meter box cover is broken,Electrical
The trim along the floor needs a fresh glossy finish. I need help getting this sorted.,Painting
"hi there, the lawn needs fresh turf in a damaged area",Gardening
I want the bathroom walls repainted with a suitable finish. I need help getting this sorted.,Painting
There are splits across the cement walkway. I need help getting this sorted.,Masonry
"pls help, the ac drain pipe is blocked",Air Conditioning Repair
The smoke marks need sealing and repainting,Painting
anyone available? the gate latch bracket has broken,Welding
"hi there, the ac will not respond to the remote",Air Conditioning Repair
"can u help, the brick partition neads a small opening closed",Masonry
The bedroom ceiling drips whenever it rains. Can someone take a look?,Roofing
The AC blows cold air only on one side,Air Conditioning Repair
I feel a tingle when touching the metal switch plate. I need help getting this sorted.,Electrical
"pls help, the door frame paint has yellowed",Painting
The room light stays on whatever position the switch is in. Could someone visit and check it?,Electrical
The wooden window will not close properly,Carpentry
I need an unused opening bricked up,Masonry
The flat roof membrane has torn,Roofing
I want the garage floor coated with a suitable finish,Painting
The small retaining wall needs rebuilding,Masonry
The ceiling fan wall regulator is broken,Electrical
There is a long crack across the wooden tabletop. Could someone visit and check it?,Carpentry
The bathroom needs moisture resistant paint,Painting
Several rooms have lost power while the others still work. Please let me know if you can help.,Electrical
Water keeps flowing into the toilet bowl all day,Plumbing
Please send someone to look at this. the bulb holder is scorched.,Electrical
"hi there, the cupboard handle screws no longer grip the wood",Carpentry
My electric kettle does nothing when I press its switch,Appliance Repair
Could you arrange a repair? the concrete doorstep is broken.,Masonry
I want a metal guard fabricated for the balcony opening,Welding
The wire connections above the light fitting have come undone. Can I book someone for this job?,Electrical
The rough masonry surface needs smoothing before new tiles. Please let me know if you can help.,Masonry
anyone available? the ac remote display is blank,Air Conditioning Repair
The timber window surrounds need a fresh painted finish. Could someone visit and check it?,Painting
Could you arrange a repair? the door frame paint has yellowed.,Painting
"hello, the sewer pipe is blocked outside",Plumbing
The aircon condensate line is not letting water out,Air Conditioning Repair
The rain channel needs realigning to drain properly,Roofing
"pls help, the flowering shrubs need moving to another bed",Gardening
"pls help, there is a leak in the shower hose",Plumbing
Please send someone to look at this. the vacuum cleaner has lost suction.,Appliance Repair
The lamp socket has black burn marks around it,Electrical
Can someone help? the hanging baskets need refreshing.,Gardening
Can someone help? the metal roof is rattling in the wind.,Roofing
The steel table leg has come off,Welding
An error message appears on the washer control panel. I need help getting this sorted.,Appliance Repair
Rain comes through the edges of the roof window,Roofing
The steel support under the wheelbarrow tray has snapped,Welding
The sandwich maker heats on only one plate,Appliance Repair
The foam covering around the aircon pipes is damaged,Air Conditioning Repair
The outside steps need tiling,Masonry
My wooden table rocks because one timber leg is shorter,Carpentry
Water drips around the drain fitting underneath the sink. Please tell me when someone is available.,Plumbing
I need a service visit. the garden needs mulch around the plants.,Gardening
Can you help with this problem? there are not enough power sockets in my study.,Electrical
anyone available? the patched wall does not match the surrounding colour,Painting
The bottom of the masonry column is breaking apart,Masonry
Can you help with this problem? the rainwater downpipe is detached from the gutter.,Roofing
The ceiling has smoke stains,Painting
"hi there, the dryer runs without drying clothes",Appliance Repair
I need a service visit. the concrete floor needs floor paint.,Painting
"hi there, the steel shelf frame has come apart",Welding
The AC swing motor is broken,Air Conditioning Repair
Rain enters around a pipe passing through the roofing,Roofing
Can you help with this problem? the brick barbecue base has cracked.,Masonry
The washer lid stays locked after the programme ends. Can someone take a look?,Appliance Repair
The grass needs trimming neatly along the path,Gardening
Can you help with this problem? the wooden cot side rail is cracked.,Carpentry
Please send someone to look at this. the balcony railing weld has broken.,Welding
Water is leaking from the kitchen pipe,Plumbing
Can someone help? the brick garden bed needs repair.,Masonry
The painted surface looks striped and uneven,Painting
The metal corner of the bed has separated,Welding
The stone facing has detached from the wall,Masonry
The AC cooling is weaker than before,Air Conditioning Repair
The switch supplying the heater has melted around its terminals,Electrical
The gutter bracket has broken,Roofing
The AC keeps forgetting its temperature setting,Air Conditioning Repair
The bare plaster walls are ready for painting,Painting
"can u help, the roof gutter is blokced with leaves",Roofing
The earth wire at the distribution board is disconnected,Electrical
The vacuum cleaner brush roller has stopped,Appliance Repair
The iron fence has a snapped bar,Welding
The roof edge flashing has blown off,Roofing
The metal gate needs straightening and its cracked frame joined. I would like someone to handle this.,Welding
The cooking area walls need cleaning and repainting,Painting
I need the dead wood removed from the bushes. Who can help me with this?,Gardening
One rod has detached from the metal window guard. I need help getting this sorted.,Welding
The channels cut into the brick wall need filling and plastering. Can I book someone for this job?,Masonry
The steel bed frame has a broken joint,Welding
The lawn has thick thatch,Gardening
The oven gets far hotter than the selected setting. Please tell me when someone is available.,Appliance Repair
Water remains inside the washer drum after the cycle,Appliance Repair
The condenser fan blades stay still while the unit hums,Air Conditioning Repair
The porch roof leaks where it meets the house,Roofing
The air conditioner restarts with the wrong settings,Air Conditioning Repair
Water is bubbling up over the buried mains pipe. Who can help me with this?,Plumbing
I want the cabinets painted to match the kitchen. Can someone take a look?,Painting
The metal signboard frame has come apart,Welding
The timber cabinet door has split near the handle. Can someone take a look?,Carpentry
The air conditioner water outlet tube has disconnected. Please tell me when someone is available.,Air Conditioning Repair
Please send someone to look at this. the new block wall needs rendering.,Masonry
"can u help, the small retaining wall neads rebuilding",Masonry
There is a drip coming from the pipe under my sink. Can someone take a look?,Plumbing
"hello, the rainwater downpipe is detached from the gutter",Roofing
A metal roofing panel has come loose after the storm. Please tell me when someone is available.,Roofing
The staircase timber railing moves when held,Carpentry
The rain channel along the eaves needs clearing. Who can help me with this?,Roofing
The roof joint beside the chimney is no longer watertight. Please tell me when someone is available.,Roofing
The planting bed needs loosening and soil improvement,Gardening
The tiles along the top of the roof are shifting,Roofing
I need someone to check this: the brick pillar has crumbled at the base.,Masonry
The aircon copper line is frosting up,Air Conditioning Repair
The paint film has blistered on the bedroom wall. Please tell me when someone is available.,Painting
anyone available? several roof tiles are broken,Roofing
Can you help with this problem? the iron fence post has separated from its baseplate.,Welding
anyone available? the wooden furniture finish needs varnishing,Painting
The planting bed needs loosening and soil improvement. Who can help me with this?,Gardening
Please send someone to look at this. the light switch feels hot.,Electrical
The water tank does not stop filling when it is full. Can I book someone for this job?,Plumbing
I need a service visit. the microwave buttons do not respond.,Appliance Repair
"hello, the brick barbecue base has cracked",Masonry
The roof gutter end cap has fallen off,Roofing
Looking for help with this. the electric kettle does not switch off after boiling.,Appliance Repair
The vegetable patch is full of weeds,Gardening
Only a few holes in the shower spray are working,Plumbing
The metal support holding the canopy needs welding. Can I book someone for this job?,Welding
Please send someone to look at this. the roof gutter is blocked with leaves.,Roofing
The AC starting capacitor needs replacement after diagnosis,Air Conditioning Repair
The exterior paint has lost its colour in the sun. Please let me know if you can help.,Painting
I need the leaves cleared from the lawn and beds,Gardening
The air conditioner condensate pump is not removing water. I need help getting this sorted.,Air Conditioning Repair
"need help, the steel storage cage has a damaged joint",Welding
The wood at the bottom of the cabinet has softened and collapsed,Carpentry
The backyard needs a vegetable garden started,Gardening
The old plants in the baskets need replacing with new flowers. Can someone take a look?,Gardening
I need a service visit. the clothes drying stand has a broken metal joint.,Welding
The exterior paint has lost its colour in the sun,Painting
The ceiling junction box has loose wires,Electrical
Can you help with this problem? the roof gutter has sagged in the middle.,Roofing
The garden faucet broke where it joins the water pipe. Could someone visit and check it?,Plumbing
The wooden trim along the floor has detached,Carpentry
Who can sort this out? the dry leaves on the ornamental plants need removing.,Gardening
The metal gate hinge has snapped off,Welding
A corner of our metal security cage has come apart,Welding
Please send someone to look at this. the boundary wall needs repainting after repairs.,Painting
The bottom of my timber door drags whenever I open it. Could someone visit and check it?,Carpentry
The skirting board has come away from the wall,Carpentry
I need the unfinished wooden door painted. Can someone take a look?,Painting
"need help, the tank float valve is stuck",Plumbing
I need a matching metal fence panel made and joined. Who can help me with this?,Welding
The switch plate gets warm whenever the light is on,Electrical
The ornamental grass needs cutting back,Gardening
I want my climbing garden plant trained onto a support. Can I book someone for this job?,Gardening
The bushes beside the path need trimming back,Gardening
The wooden wardrobe panel will not slide along its runner. I would like someone to handle this.,Carpentry
The electric kettle does not switch off after boiling,Appliance Repair
The ceiling colour is uneven and needs another coat. Can someone take a look?,Painting
The metal door frame has a cracked corner,Welding
I need someone to check this: the cable feeding the garage has been cut.,Electrical
Water pressure at every tap is very low,Plumbing
"hi, the cieling finish is patchy",Painting
Can someone help? the ceiling fan wall regulator is broken.,Electrical
Could you arrange a repair? the light circuit has a loose neutral connection.,Electrical
"hi, the roof valley leaks in heavy rain",Roofing
The wired doorbell stopped after its cable came loose,Electrical
The cooling unit tries to start and then stops with a click,Air Conditioning Repair
Can someone help? the roof valley leaks in heavy rain.,Roofing
I want a cement base laid for outdoor storage,Masonry
"hi, the metal rubbish bin stand is brokn",Welding
The main breaker keeps tripping,Electrical
The AC indoor casing is loose and noisy,Air Conditioning Repair
The roof screws have worn sealing washers,Roofing
anyone available? the hedge is blocking the walkway,Gardening
The kitchen cabinet hinge has pulled out of the wood,Carpentry
Could you arrange a repair? the steel machine stand has a crack.,Welding
Only the bottom side of my sandwich press gets hot,Appliance Repair
The steel advertising frame has broken at the corner,Welding
One rod has detached from the metal window guard,Welding
The sink trap smells like sewage,Plumbing
The grounding connection has come loose in the electrical panel,Electrical
The cupboard doors need a colour change,Painting
The lamp socket has black burn marks around it. Who can help me with this?,Electrical
The wall tiles are lifting away from their backing,Masonry
I need a service visit. the cement fence post is chipped.,Masonry
The roots have outgrown the containers on my balcony. I need help getting this sorted.,Gardening
Water keeps spilling out of the storage tank. I need help getting this sorted.,Plumbing
Who can sort this out? the tiled skirting has come off.,Masonry
The power outlet is loose in the wall,Electrical
The washing machine does not drain,Appliance Repair
"pls help, the corrugated roof sheet has rust holes",Roofing
I need someone to check this: the roof eaves cover is loose.,Roofing
Looking for help with this. the roof leaks only when wind drives rain sideways.,Roofing
I want a cement base laid for outdoor storage. I would like someone to handle this.,Masonry
The metal railing has surface rust and needs repainting,Painting
The refrigerator door seal is damaged,Appliance Repair
anyone available? the concrete porch edge is chipped,Masonry
"can u help, the house exterior neads weatherproof paint",Painting
Water gets under the roofing during windy storms,Roofing
I want another timber shelf fitted inside my cabinet,Carpentry
"can u help, the air conditioner neads routine servicing",Air Conditioning Repair
Can you help with this problem? there are exposed electrical wires near the doorway.,Electrical
The steel doorway frame has separated at one joint. Can someone take a look?,Welding
I need someone to check this: the bathroom tap will not stop dripping.,Plumbing
There is a leak in the shower hose,Plumbing
The timber divider between our rooms is wobbling,Carpentry
The flat roof holds standing water,Roofing
"hi there, the ac pipe insulation has split",Air Conditioning Repair
I want help feeding the lawn and garden beds appropriately. I would like someone to handle this.,Gardening
"can u help, the bathroom tap handle spins without opening",Plumbing
I need the dead and overgrown stems cut off my roses,Gardening
anyone available? the roof eaves cover is loose,Roofing
The wall needs plastering after electrical work,Masonry
The room needs a custom wooden study desk,Carpentry
The foam covering around the aircon pipes is damaged. Please let me know if you can help.,Air Conditioning Repair
I need someone to check this: the freezer is making too much ice.,Appliance Repair
The shelf inside my clothes cupboard fell down,Carpentry
Please send someone to look at this. the gate stop has broken off.,Welding
"hello, the electric iron does not heat",Appliance Repair
The cupboard door is hanging because its hinge screws tore out,Carpentry
The air conditioner needs its dirty filters cleaned. Can I book someone for this job?,Air Conditioning Repair
Looking for help with this. the wooden window sill needs replacement.,Carpentry
Who can sort this out? the wooden floorboard is loose.,Carpentry
The garden bamboo needs thinning and containing. I need help getting this sorted.,Gardening
The rose bush needs pruning,Gardening
The rice cooker inner heating plate is damaged,Appliance Repair
"hi there, half the house has no electricity",Electrical
Nothing gets power from that wall socket,Electrical
I need someone to care for my plants during my trip,Gardening
The outdoor socket fills with rainwater,Electrical
Could you arrange a repair? the main breaker keeps tripping.,Electrical
The air conditioner ignores the scheduled on and off times. Can I book someone for this job?,Air Conditioning Repair
The steel tube under my chair has split at a joint. Please tell me when someone is available.,Welding
The balcony tile grout has cracked,Masonry
I need someone to check this: the AC indoor casing is loose and noisy.,Air Conditioning Repair
Dirty water will not go down my kitchen drain,Plumbing
Looking for help with this. the rose bush needs pruning.,Gardening
"hi there, the air conditioner circuit board has failed",Air Conditioning Repair
Could you arrange a repair? the AC drain pipe is blocked.,Air Conditioning Repair
"hi there, the steel bed frame has a broken joint",Welding
The blender motor runs but the blades do not turn,Appliance Repair
I need a service visit. the concrete window sill has broken.,Masonry
I need someone to check this: the roof needs damaged shingles replaced.,Roofing
"need help, the roof access hatch seal leaks",Roofing
My wooden table rocks because one timber leg is shorter. Who can help me with this?,Carpentry
The steel plate holding the sliding gate wheel is broken,Welding
The wooden kitchen worktop has warped,Carpentry
Who can sort this out? the fridge compressor keeps starting and stopping.,Appliance Repair
"need someone, the metal ladder has a broken rung",Welding
I feel a tingle when touching the metal switch plate,Electrical
Liquid comes out underneath the mixer jug,Appliance Repair
The channels cut into the brick wall need filling and plastering,Masonry
The timber around my window is crumbling,Carpentry
The exposed cement blocks need a plaster finish,Masonry
The floor drain in the bathroom is clogged,Plumbing
"hi, the wall socket is sparking",Electrical
I need another section of brick wall built along the property edge. I need help getting this sorted.,Masonry
I need a service visit. the AC compressor keeps clicking but will not start.,Air Conditioning Repair
The wooden rail needs sanding and a new protective coating. Please let me know if you can help.,Painting
"hi there, the kitchen sink is blocked",Plumbing
Wastewater is backing up from the inspection chamber. I would like someone to handle this.,Plumbing
"hi there, the vacuum cleaner brush roller has stopped",Appliance Repair
The kettle keeps heating once the water has boiled. Please let me know if you can help.,Appliance Repair
The wooden rail needs sanding and a new protective coating,Painting
"pls help, the metal chair frame has cracked",Welding
Air from one part of the indoor unit is much warmer,Air Conditioning Repair
The roof drain on the terrace is blocked,Roofing
The insulation has peeled off the power cable beside the door. I would like someone to handle this.,Electrical
Looking for help with this. the lawn edges look untidy.,Gardening
I need a service visit. the flat roof membrane has torn.,Roofing
Several wooden supports under the mattress are broken. Could someone visit and check it?,Carpentry
The metal handrail has a split at its corner joint. Can someone take a look?,Welding
Could you arrange a repair? the ornamental grass needs cutting back.,Gardening
The air conditioner water outlet tube has disconnected,Air Conditioning Repair
The shelf inside my clothes cupboard fell down. Please let me know if you can help.,Carpentry
"pls help, the wood veneer on my desk is lifting",Carpentry
I need someone to check this: the gate latch bracket has broken.,Welding
The wall plaster has a long hairline crack,Masonry
Who can sort this out? the broken concrete drain cover needs replacing.,Masonry
The low branches need pruning away from the parking space,Gardening
The refrigerant joint beside the air conditioner needs sealing,Air Conditioning Repair
The children's drawings need covering with fresh paint. Please let me know if you can help.,Painting
I need someone to check this: the basin pop up plug will not seal.,Plumbing
The air conditioner flap will not move up and down. I would like someone to handle this.,Air Conditioning Repair
I have to wait a long time before the toilet can flush again,Plumbing
Looking for help with this. the AC will not respond to the remote.,Air Conditioning Repair
The brick barbecue base has cracked,Masonry
"can u help, the woodn kitchen worktop has warped",Carpentry
A piece of decorative masonry cladding has fallen off,Masonry
The wall switch will not turn the light off,Electrical
The metal gate finish is worn and needs repainting,Painting
Our timber garden gate hangs low and catches the ground,Carpentry
Please send someone to look at this. the AC condenser fins are clogged.,Air Conditioning Repair
"hi there, the exposed water pipe is badly corroded",Plumbing
The aircon ignores the handset even with new batteries. Please let me know if you can help.,Air Conditioning Repair
The underground supply pipe is leaking,Plumbing
The socket is discoloured around the plug holes,Electrical
"hi, the flexible hose under the basin has burst",Plumbing
The kitchen backsplash tiles are broken,Masonry
Water escapes from the small overflow connection under the basin,Plumbing
Can someone help? the garden lights keep tripping their breaker.,Electrical
I need someone to check this: the paving slabs have sunk.,Masonry
"hello, the garden wall has missing mortar",Masonry
The previous paint job left runs that need smoothing and repainting,Painting
I need ceramic tiles installed on the laundry floor,Masonry
Please send someone to look at this. the bathroom tap handle spins without opening.,Plumbing
Who can sort this out? the sink overflow pipe is leaking.,Plumbing
Can someone help? the iron staircase railing has cracked.,Welding
The oven gets far hotter than the selected setting,Appliance Repair
"need someone, the roof flashing at the wall has pulled away",Roofing
The concrete window sill has broken,Masonry
A puddle forms underneath the refrigerator,Appliance Repair
The masonry stand beneath the outdoor grill needs rebuilding,Masonry
"need help, the sink overflow pipe is leaking",Plumbing
The dining table top is split,Carpentry
I need someone to check this: the iron fence has a snapped bar.,Welding
The security light stays on because its sensor is faulty. I would like someone to handle this.,Electrical
Who can sort this out? the doorbell wiring has come apart.,Electrical
I want a new paint colour over the existing textured finish,Painting
My bread comes out toasted on one face and raw on the other,Appliance Repair
The AC timer does not work,Air Conditioning Repair
The joints in the balcony flooring need regrouting. Please let me know if you can help.,Masonry
"hi, rainwater comes through the roof above the bedroom",Roofing
The tumble dryer turns but the laundry remains damp,Appliance Repair
One side of the oven burns food while the other stays undercooked,Appliance Repair
The roof sheet around the water pipe is leaking,Roofing
"can u help, the table legs are uneven",Carpentry
The painted doorway trim needs refreshing,Painting
I need someone to check this: several roof tiles are broken.,Roofing
Several roof tiles are broken,Roofing
I need a timber desk built to fit this small space. Who can help me with this?,Carpentry
"need help, the metal roof access ladder bracket has cracked",Welding
"hi, water is leeking from the kitchen pipe",Plumbing
The steel housing around the gate lock needs welding back in place,Welding
Looking for help with this. the RCD test button does not trip the switch.,Electrical
"hello, the porch roof leaks where it meets the house",Roofing
Water stays in the plant containers and the potting mix needs changing. I would like someone to handle this.,Gardening
Who can sort this out? the wooden window frame is rotten.,Carpentry
The outside pillars need a fresh finish,Painting
"hi there, the old roof underlay is torn",Roofing
I need a service visit. the wall has roller marks from the last paint job.,Painting
The new ceiling lamp needs connecting to the wiring,Electrical
"hi, the woodn gate is sagging",Carpentry
The refrigerator stays dark when I open the door. Who can help me with this?,Appliance Repair
The garden needs preparation before planting seeds,Gardening
The flush handle is broken,Plumbing
Can you help with this problem? the stone boundary wall needs repointing.,Masonry
The air conditioner circuit board has failed,Air Conditioning Repair
Turning the faucet knob does not release any water. Who can help me with this?,Plumbing
The wall socket is sparking,Electrical
I need someone to check this: the concrete porch edge is chipped.,Masonry
Can you help with this problem? the ceiling has smoke stains.,Painting
"need someone, the floor drain in the bathroom is clogged",Plumbing
My timber window sash gets stuck before it shuts,Carpentry
Can you help with this problem? the balcony ceiling paint is flaking.,Painting
There are gaps in the roofing where tiles have moved,Roofing
The dining room light trips the breaker,Electrical
"can u help, the gardn soil is too hard for planting",Gardening
I need someone to check this: the two way staircase switches do not work correctly.,Electrical
The marked patches on the wall need touching up. Can I book someone for this job?,Painting
Dead grass has built up at soil level and needs clearing,Gardening
Rain enters around the ventilation outlet through the roof,Roofing
I need a service visit. the timer switch for the outdoor lights is stuck.,Electrical
"hello, the sliding wardrobe door has come off its track",Carpentry
The switch plate gets warm whenever the light is on. Who can help me with this?,Electrical
"need help, the gutter bracket has broken",Roofing
"pls help, the metal trolley handle has come off",Welding
Heat escapes around the damaged gasket on my oven,Appliance Repair
"can u help, the front door piant is chipped",Painting
"hi, the washing machine supply tap is leeking",Plumbing
I see sparks coming out of the power outlet,Electrical
Air from one part of the indoor unit is much warmer. Can someone take a look?,Air Conditioning Repair
The AC technician identified a faulty internal control board. Please let me know if you can help.,Air Conditioning Repair
"hi there, the air conditioner evaporator coil is very dirty",Air Conditioning Repair
The bathtub drain stopper is jammed,Plumbing
anyone available? the garden needs clearing after months of neglect,Gardening
The shop shutter colour is scratched and faded,Painting
The ceiling colour is uneven and needs another coat,Painting
Can you help with this problem? the staircase walls are scuffed.,Painting
The grill stand has a loose steel leg,Welding
Can someone help? the cupboard doors need a colour change.,Painting
"hello, the ac copper connection is leaking",Air Conditioning Repair
I want help feeding the lawn and garden beds appropriately,Gardening
There is a steady drip at the pipe beside the water meter. I need help getting this sorted.,Plumbing
"hello, the motion sensor outside never switches the light off",Electrical
The painted surface looks striped and uneven. I need help getting this sorted.,Painting
Water drips through corroded spots in the metal roofing. Please tell me when someone is available.,Roofing
Could you arrange a repair? the chimney flashing needs resealing.,Roofing
The tiled roof has cracked pieces that need replacing,Roofing
Looking for help with this. the cupboard handle screws no longer grip the wood.,Carpentry
The repaired area needs blending into the existing paint. Could someone visit and check it?,Painting
The bathroom floor needs a slope toward the drain,Masonry
anyone available? the stone facing has detached from the wall,Masonry
The washer lid stays locked after the programme ends,Appliance Repair
The hallway light switch gives a small shock,Electrical
The protective layer on the concrete roof needs renewing. Please let me know if you can help.,Roofing
The timber around my window is crumbling. Can I book someone for this job?,Carpentry
"need someone, the rental room needs repainting before new tenants arrive",Painting
The AC drain hose has come off,Air Conditioning Repair
The cupboard base has rotted after a leak,Carpentry
I need someone to check this: the bed slats have snapped.,Carpentry
Could you arrange a repair? the cement floor is uneven.,Masonry
I need a service visit. the roof gutter has a leaking joint.,Roofing
The metal support holding the canopy needs welding,Welding
"can u help, the main watter valve will not close",Plumbing
The old metal supply pipe is rusty and needs replacing. Please let me know if you can help.,Plumbing
My timber bookcase has become unstable. I would like someone to handle this.,Carpentry
The washing machine supply tap is leaking,Plumbing
Could you arrange a repair? the air conditioner is leaking refrigerant.,Air Conditioning Repair
anyone available? the refrigerator door seal is damaged,Appliance Repair
The sewer pipe is blocked outside,Plumbing
"pls help, the toilet keeps running after flushing",Plumbing
I need someone to check this: the garden bed is overcrowded.,Gardening
Water is dripping from the indoor AC unit,Air Conditioning Repair
The wooden drawer fronts are sitting crooked,Carpentry
"pls help, the tile adhesive has failed on the wall",Masonry
"hi, the ac is running but not coolng",Air Conditioning Repair
The waste pipe has fallen off underneath the washbasin. Can someone take a look?,Plumbing
Could you arrange a repair? the metal trolley handle has come off.,Welding
The coupling between two water pipes keeps dripping,Plumbing
The plywood backing on my wardrobe is broken,Carpentry
Can you help with this problem? the sliding wardrobe door has come off its track.,Carpentry
I need someone to check this: the wall switch will not turn the light off.,Electrical
"hi, the office walls need a neutral colour",Painting
"hi there, the outside steps need tiling",Masonry
Looking for help with this. the old dark wall colour shows through the new paint.,Painting
"hi, the metel flower pot stand is unstable",Welding
The dry clump of decorative grass needs seasonal trimming,Gardening
The air conditioner evaporator coil is very dirty,Air Conditioning Repair
The small tree branches hang over the driveway,Gardening
A metal leg has separated from the table frame. Can I book someone for this job?,Welding
The vacuum cleaner has lost suction,Appliance Repair
One leg on my wooden chair wobbles badly,Carpentry
Could you arrange a repair? the washing machine will not spin.,Appliance Repair
Dead grass has built up at soil level and needs clearing. Please let me know if you can help.,Gardening
Water spills out of the soap compartment on the washer,Appliance Repair
The roof leaks only when wind drives rain sideways,Roofing
The cupboard door is hanging because its hinge screws tore out. I need help getting this sorted.,Carpentry
The painted walls along the stairs are covered in scrape marks,Painting
Can someone help? ice is forming on the AC pipes.,Air Conditioning Repair
The concrete drain channel is cracked,Masonry
Could you arrange a repair? the flower bed needs new plants.,Gardening
The safety breaker does nothing when its test button is pressed. Please let me know if you can help.,Electrical
The concrete porch edge is chipped,Masonry
The chalky coating needs preparing and repainting. Please tell me when someone is available.,Painting
The aircon does not cycle off when the room is cold enough,Air Conditioning Repair
Please send someone to look at this. the earth wire at the distribution board is disconnected.,Electrical
Looking for help with this. the fuse blows whenever that circuit is switched on.,Electrical
The tumble dryer hums but the clothes stay in one place. Could someone visit and check it?,Appliance Repair
The cement ramp is crumbling,Masonry
Who can sort this out? the electric iron leaks water onto clothes.,Appliance Repair
Water is bubbling up over the buried mains pipe,Plumbing
The metal trim along the roof perimeter is missing,Roofing
The decorative wall texture needs repainting,Painting
The tumble dryer turns but the laundry remains damp. Please let me know if you can help.,Appliance Repair
The toilet cistern has a crack,Plumbing
Could you arrange a repair? the flowering shrubs need moving to another bed.,Gardening
"can u help, the gardn shrubs have dead branches",Gardening
The timber boards on our bench have split. Please tell me when someone is available.,Carpentry
Water escapes from the small overflow connection under the basin. Can I book someone for this job?,Plumbing
The wooden bench has a damaged seat,Carpentry
"hello, the metal gate hinge has snapped off",Welding
The garden needs regular watering while I am away,Gardening
There are gaps in the roofing where tiles have moved. Who can help me with this?,Roofing
A corroded section of the metal railing needs replacing and welding. Who can help me with this?,Welding
"hello, there is a burning smell from the fuse box",Electrical
"need help, there is a leak at the base of the toilet",Plumbing
The brick boundary wall has a crack,Masonry
The steel support under the garden bench has snapped. Who can help me with this?,Welding
The outside condenser stays off when cooling is selected,Air Conditioning Repair
There is a drip coming from the pipe under my sink,Plumbing
The path stones need lifting and laying level again,Masonry
"need someone, the washing machine displays a fault code",Appliance Repair
"can u help, the new block wall neads rendering",Masonry
The light circuit has a loose neutral connection,Electrical
The bread pops up immediately because the toaster catch will not hold,Appliance Repair
The steel dog kennel frame is damaged,Welding
"hello, the lawn has bare patches",Gardening
The dry clump of decorative grass needs seasonal trimming. Please tell me when someone is available.,Gardening
My tomato plants are falling over and need tying up. Please tell me when someone is available.,Gardening
"hello, the old roofing sheets need replacement",Roofing
Dust has built up on the aircon fan drum. I would like someone to handle this.,Air Conditioning Repair
Loose roofing sheets make a loud noise during gusts. Can someone take a look?,Roofing
The steel tube under my chair has split at a joint,Welding
The AC temperature sensor seems faulty,Air Conditioning Repair
Please send someone to look at this. the carport roof has a damaged translucent sheet.,Roofing
Looking for help with this. half the house has no electricity.,Electrical
"need help, the wall needs plastering after electrical work",Masonry
The cable feeding the garage has been cut,Electrical
The toaster lever will not stay down,Appliance Repair
The garden wall has missing mortar,Masonry
"hi there, the cupboard needs a new internal shelf",Carpentry
My bread comes out toasted on one face and raw on the other. I need help getting this sorted.,Appliance Repair
Rainwater pours from the open end of the gutter. I need help getting this sorted.,Roofing
The refrigerator has started banging while it runs. Can I book someone for this job?,Appliance Repair
My washbasin faucet leaks even when I close it tightly,Plumbing
anyone available? the feature wall needs a different shade,Painting
Switching on the pathway lighting cuts that circuit. Can someone take a look?,Electrical
The wall paint has bubbles,Painting
A joint on my metal gate has broken apart,Welding
I want regular help with mowing and looking after the plants. Can I book someone for this job?,Gardening
The creeper needs a support trellis,Gardening
I need a service visit. the AC drain pump has stopped working.,Air Conditioning Repair
"pls help, the blender jar leaks at the blade seal",Appliance Repair
I want new grass laid where the old lawn died. Please let me know if you can help.,Gardening
Looking for help with this. the vacuum cleaner brush roller has stopped.,Appliance Repair
"hi there, the wall has a hole left by an old pipe",Masonry
The aircon mounting needs adjusting so condensate drains correctly,Air Conditioning Repair
"need someone, the socket cover is cracked",Electrical
The refrigerator has started banging while it runs,Appliance Repair
The lawn has bare patches,Gardening
Water collects around my feet when I take a shower. Who can help me with this?,Plumbing
Can someone help? the tile roof has moss blocking the drainage channels.,Roofing
The wall tiles are lifting away from their backing. Please tell me when someone is available.,Masonry
"need someone, the wooden window will not close properly",Carpentry
The cement channel carrying surface water needs patching. Can someone take a look?,Masonry
The shop shutter colour is scratched and faded. Can I book someone for this job?,Painting
The air conditioner turns off after a few minutes,Air Conditioning Repair
I need a matching metal fence panel made and joined,Welding
I want a metal guard fabricated for the balcony opening. I would like someone to handle this.,Welding
There is a leak at a water pipe joint,Plumbing
The cooling unit keeps stopping shortly after starting,Air Conditioning Repair
I need the soil raked and the seed beds prepared. Who can help me with this?,Gardening
The AC starting capacitor needs replacement after diagnosis. I need help getting this sorted.,Air Conditioning Repair
Please send someone to look at this. the roof flashing around the chimney is leaking.,Roofing
I need someone to check this: the electrical meter box cover is broken.,Electrical
The AC remote display is blank,Air Conditioning Repair
The fixed electrical cable supplying the shed has split insulation. I need help getting this sorted.,Electrical
"can u help, the light switch feels hot",Electrical
Growth between the roof tiles needs clearing. Can someone take a look?,Roofing
The whole faucet moves around on the sink,Plumbing
Can you help with this problem? the washing machine detergent drawer leaks.,Appliance Repair
The faucets spit air before the water starts flowing,Plumbing
The concrete doorstep is broken,Masonry
The tiles behind the counter need replacing. Can someone take a look?,Masonry
The outside lamp stays dark after replacing its bulb. Can someone take a look?,Electrical
The climbing plant is covering the window,Gardening
A corroded section of the metal railing needs replacing and welding,Welding
Looking for help with this. the outside wall colour has faded.,Painting
The utility room needs new floor tiles,Masonry
I need the leaves cleared from the lawn and beds. Can I book someone for this job?,Gardening
Who can sort this out? the metal railing has surface rust and needs repainting.,Painting
Who can sort this out? the utility room needs new floor tiles.,Masonry
anyone available? the dishwasher does not drain,Appliance Repair
I want another timber shelf fitted inside my cabinet. Please let me know if you can help.,Carpentry
The exposed cement blocks need a plaster finish. Who can help me with this?,Masonry
"pls help, the ornamental grass needs cutting back",Gardening
The dishwasher does not drain,Appliance Repair
The sliding wardrobe door has come off its track,Carpentry
I need a service visit. the dead annual flowers need replacing.,Gardening
Please send someone to look at this. the room needs a custom wooden study desk.,Carpentry
Could you arrange a repair? the dimmer makes the lights pulse.,Electrical
"hi there, the stair handrail finish has worn off",Painting
There is a high pitched sound from the aircon while cooling,Air Conditioning Repair
Unwanted plants have spread through my garden border,Gardening
The ceiling paint is stained after an old leak was fixed,Painting
Please send someone to look at this. the bathroom tile grout is missing.,Masonry
Please send someone to look at this. the AC swing motor is broken.,Air Conditioning Repair
The wooden window frame is rotten,Carpentry
"hi, the iron staircase railing has cracked",Welding
The toaster only heats one side,Appliance Repair
"need someone, the roof gutter end cap has fallen off",Roofing
The interlocking pavers near the gate need relaying,Masonry
I need a service visit. the kitchen cabinet hinge has pulled out of the wood.,Carpentry
The exposed water pipe is badly corroded,Plumbing
The timber shelves on the shoe stand need repairing. I would like someone to handle this.,Carpentry
The painted finish on the entrance door is flaking,Painting
The steel piece holding the gate catch needs welding,Welding
Rain comes through the edges of the roof window. Could someone visit and check it?,Roofing
Please send someone to look at this. the garden needs preparation before planting seeds.,Gardening
Rainwater pools on the roof instead of running off. Can someone take a look?,Roofing
"hello, the wooden bookshelf is leaning",Carpentry
"need someone, the bathtub drain stopper is jammed",Plumbing
"hello, the sandwich maker heats on only one plate",Appliance Repair
Liquid comes out underneath the mixer jug. Please tell me when someone is available.,Appliance Repair
Several shingles have curled up and broken off,Roofing
"can u help, the metal bench leg is brokn",Welding
Can someone help? the fridge is not cooling.,Appliance Repair
anyone available? the dining table top is split,Carpentry
The brick partition needs a small opening closed,Masonry
anyone available? the freezer is making too much ice,Appliance Repair
The AC drain pump has stopped working,Air Conditioning Repair
I need a service visit. the door latch recess in the wood is damaged.,Carpentry
Looking for help with this. the gate lock box has detached.,Welding
The coating above the balcony is peeling away,Painting
"pls help, the light circuit has a loose neutral connection",Electrical
"need someone, the dead annual flowers need replacing",Gardening
Heat escapes around the damaged gasket on my oven. Please tell me when someone is available.,Appliance Repair
The concrete slope at the entrance needs repair. Please tell me when someone is available.,Masonry
The old house wiring needs replacement,Electrical
The air conditioner needs routine servicing,Air Conditioning Repair
I need someone to check this: the AC fan is not blowing air.,Air Conditioning Repair
Wastewater is backing up from the inspection chamber,Plumbing
I need someone to check this: the air conditioner keeps switching between hot and cold.,Air Conditioning Repair
"need help, the ac indoor unit is not level and leaks from one corner",Air Conditioning Repair
Who can sort this out? the rice cooker stops before the rice is cooked.,Appliance Repair
The timber shelves on the shoe stand need repairing,Carpentry
Could you arrange a repair? the AC drain hose has come off.,Air Conditioning Repair
"hello, the drawer runners in my wooden desk are jammed",Carpentry
I need someone to check this: the grill stand has a loose steel leg.,Welding
The steel plate holding the sliding gate wheel is broken. Can I book someone for this job?,Welding
The electrician identified a disconnected neutral wire for the lights. Please tell me when someone is available.,Electrical
Can you help with this problem? the metal signboard frame has come apart.,Welding
Water comes through the roof to wall connection. I would like someone to handle this.,Roofing
I want the indoor and outdoor AC units cleaned and checked,Air Conditioning Repair
I want one lounge wall painted in a contrasting colour. Could someone visit and check it?,Painting
"need someone, the bamboo clump is spreading too far",Gardening
Can you help with this problem? the plants need fertiliser applied.,Gardening
My room light flashes on and off even with a new bulb,Electrical
"pls help, the roof fascia beside the gutter is damaged",Roofing
The yard needs tidying after small branches came down. Please let me know if you can help.,Gardening
There is an open gap between the roof and the side wall,Roofing
The braided water connector below the sink has split. Can someone take a look?,Plumbing
I need a service visit. the wooden door needs trimming after new flooring.,Carpentry
The portable cooktop will not detect suitable cookware. Who can help me with this?,Appliance Repair
My timber bookcase has become unstable,Carpentry
"need someone, the ac keeps running after the set temperature is reached",Air Conditioning Repair
Water sprays out of a split in the flexible shower tube. Please tell me when someone is available.,Plumbing
Please send someone to look at this. the underground supply pipe is leaking.,Plumbing
Can someone help? the blender motor runs but the blades do not turn.,Appliance Repair
The lighting timer no longer follows the set schedule. I need help getting this sorted.,Electrical
Please send someone to look at this. the bathroom floor needs a slope toward the drain.,Masonry
The iron railing has rusted through at one joint,Welding
"hi, the tile roof has moss blocking the drainage channels",Roofing
Unwanted plants have spread through my garden border. Please tell me when someone is available.,Gardening
The air conditioner flap will not move up and down,Air Conditioning Repair
I need someone to check this: the AC remote display is blank.,Air Conditioning Repair
The waterproof lining beneath the roof tiles is damaged. Please let me know if you can help.,Roofing
The steel gate needs welding,Welding
The tile adhesive has failed on the wall,Masonry
The braided water connector below the sink has split,Plumbing
The gate lock box has detached,Welding
The yard is overgrown with weeds and tangled plants. Could someone visit and check it?,Gardening
The fuse blows whenever that circuit is switched on,Electrical
The opening in the brickwork needs filling with mortar. Please let me know if you can help.,Masonry
The boundary wall needs repainting after repairs,Painting
"pls help, the oven door seal has come loose",Appliance Repair
A bad drain smell is coming from beneath the washbasin. Could someone visit and check it?,Plumbing
Could you arrange a repair? the corrugated roof sheet has rust holes.,Roofing
I need a timber desk built to fit this small space,Carpentry
The air conditioner needs its dirty filters cleaned,Air Conditioning Repair
"can u help, the gate stop has brokn off",Welding
The roof waterproof coating is peeling,Roofing
The metal shutter guide bracket has broken,Welding
Shutting the faucet causes a loud knock in the water line. Can I book someone for this job?,Plumbing
The steel housing around the gate lock needs welding back in place. Please let me know if you can help.,Welding
"hello, air keeps sputtering out of the taps",Plumbing
The dead annual flowers need replacing,Gardening
anyone available? the wheelbarrow frame is broken,Welding
The bread pops up immediately because the toaster catch will not hold. Can someone take a look?,Appliance Repair
The front wooden door has swollen shut,Carpentry
The wired doorbell stopped after its cable came loose. Can I book someone for this job?,Electrical
"hi, the hanging baskets need refreshing",Gardening
The steel swing support has split at a weld,Welding
The staircase walls are scuffed,Painting
"hello, the electric oven heats unevenly",Appliance Repair
The enclosure around our electricity meter will not close,Electrical
The corrugated roof sheet has rust holes,Roofing
"need someone, the microwave buttons do not respond",Appliance Repair
Water keeps flowing into the toilet bowl all day. Please tell me when someone is available.,Plumbing
The carport roof has a damaged translucent sheet,Roofing
Looking for help with this. the roof screws have worn sealing washers.,Roofing
anyone available? the wooden partition panel has come loose,Carpentry
The aircon leaks onto the wall below it,Air Conditioning Repair
"need help, the paint around the light switches is dirty",Painting
One timber step moves when I stand on it,Carpentry
"hi there, the wall has pencil marks that will not wash off",Painting
The bushes along the boundary have an uneven outline,Gardening
The cooker changes to warm while the rice is still hard,Appliance Repair
The AC outdoor unit vibrates heavily,Air Conditioning Repair
The clothes iron stays cold after being plugged in,Appliance Repair
I need someone to check this: the wooden bedroom door scrapes the floor.,Carpentry
"hello, the backyard needs a small concrete slab",Masonry
"pls help, water pressure at every tap is very low",Plumbing
I need a service visit. the air conditioner smells musty.,Air Conditioning Repair
"need someone, the concrete path has cracked",Masonry
The wood beside the door hinge is split,Carpentry
I need someone to check this: the dining table top is split.,Carpentry
There is a steady drip at the pipe beside the water meter,Plumbing
I cannot shut off the water supply using the stopcock,Plumbing
A pipe burst behind the bathroom wall,Plumbing
"can u help, the newly plastered room neads its first paint coat",Painting
anyone available? water is dripping from the indoor ac unit,Air Conditioning Repair
The flush tank is losing water through a split in its side. Please let me know if you can help.,Plumbing
The narrow tiles along the bottom of the wall need refixing,Masonry
Can you help with this problem? the lawn has bare patches.,Gardening
The kitchen processor will not detect that its lid is closed,Appliance Repair
The AC only works in fan mode,Air Conditioning Repair
anyone available? the bedroom light keeps flickering,Electrical
A puddle forms underneath the refrigerator. I would like someone to handle this.,Appliance Repair
The two way staircase switches do not work correctly,Electrical
Looking for help with this. the skirting board has come away from the wall.,Carpentry
The solid timber counter is no longer flat,Carpentry
The wooden surround of the loft opening has split. Can someone take a look?,Carpentry
The kitchen processor will not detect that its lid is closed. Can I book someone for this job?,Appliance Repair
All the taps have only a weak trickle of water,Plumbing
The electrical distribution board smells like burnt plastic. I would like someone to handle this.,Electrical
"hello, the ac indoor blower wheel is dirty",Air Conditioning Repair
